-- Database Backup
-- Database: neondb
-- Generated by pg_dump equivalent script


-- Table: _prisma_migrations
DROP TABLE IF EXISTS _prisma_migrations CASCADE;
CREATE TABLE _prisma_migrations (
    id character varying(36) NOT NULL,
    checksum character varying(64) NOT NULL,
    finished_at timestamp with time zone,
    migration_name character varying(255) NOT NULL,
    logs text,
    rolled_back_at timestamp with time zone,
    started_at timestamp with time zone NOT NULL DEFAULT now(),
    applied_steps_count integer NOT NULL DEFAULT 0
);

-- Data for table: _prisma_migrations
INSERT INTO _prisma_migrations (id, checksum, finished_at, migration_name, logs, rolled_back_at, started_at, applied_steps_count) VALUES ('81325b44-039f-4480-85b8-d20d898e4496', 'e1cbdd952b1ca26b2bf4047bde441b88aa7b364c7999ac1515803a01d377d971', 2025-07-18 16:06:10.540745+00:00, '20250718160610_init', NULL, NULL, 2025-07-18 16:06:10.260105+00:00, 1);
INSERT INTO _prisma_migrations (id, checksum, finished_at, migration_name, logs, rolled_back_at, started_at, applied_steps_count) VALUES ('7ce60115-271a-45d9-bb3d-4f6313c7f2cc', '42e2727d22514feb810fafae500cee604b7a02c83e06e7ff1192a3e596118263', 2025-07-19 14:36:48.450438+00:00, '20250719143648_enhanced_address_fields', NULL, NULL, 2025-07-19 14:36:48.266680+00:00, 1);
INSERT INTO _prisma_migrations (id, checksum, finished_at, migration_name, logs, rolled_back_at, started_at, applied_steps_count) VALUES ('76e2209b-95c9-438b-b78e-395d411444b1', '15bd4b9de246be012436f8c18cd6c591804797b3b8f23cf9bb7c996924e3d18e', NULL, '20240722_enhanced_teacher_profile', 'A migration failed to apply. New migrations cannot be applied before the error is recovered from. Read more about how to resolve migration issues in a production database: https://pris.ly/d/migrate-resolve

Migration name: 20240722_enhanced_teacher_profile

Database error code: 42701

Database error:
ERROR: column "achievements" of relation "teachers" already exists

DbError { severity: "ERROR", parsed_severity: Some(Error), code: SqlState(E42701), message: "column \"achievements\" of relation \"teachers\" already exists", detail: None, hint: None, position: None, where_: None, schema: None, table: None, column: None, datatype: None, constraint: None, file: Some("tablecmds.c"), line: Some(7478), routine: Some("check_for_column_name_collision") }

   0: sql_schema_connector::apply_migration::apply_script
           with migration_name="20240722_enhanced_teacher_profile"
             at schema-engine/connectors/sql-schema-connector/src/apply_migration.rs:113
   1: schema_commands::commands::apply_migrations::Applying migration
           with migration_name="20240722_enhanced_teacher_profile"
             at schema-engine/commands/src/commands/apply_migrations.rs:91
   2: schema_core::state::ApplyMigrations
             at schema-engine/core/src/state.rs:236', 2025-07-23 19:42:54.591631+00:00, 2025-07-23 19:42:30.067673+00:00, 0);
INSERT INTO _prisma_migrations (id, checksum, finished_at, migration_name, logs, rolled_back_at, started_at, applied_steps_count) VALUES ('b3aa8045-9d4d-4c21-a0dc-2ce0e94fdcfb', '15bd4b9de246be012436f8c18cd6c591804797b3b8f23cf9bb7c996924e3d18e', 2025-07-23 19:42:54.685257+00:00, '20240722_enhanced_teacher_profile', '', NULL, 2025-07-23 19:42:54.685257+00:00, 0);
INSERT INTO _prisma_migrations (id, checksum, finished_at, migration_name, logs, rolled_back_at, started_at, applied_steps_count) VALUES ('ff350471-c0e1-4a2c-885c-301fd9c70cc0', '25ad29b26b6536f4d982d5df5b2bcc0f6588ffc3491ad2ca9956a099e3289c19', 2025-07-23 19:43:15.454232+00:00, 'manual_fix_teacher_schema', NULL, NULL, 2025-07-23 19:43:15.124610+00:00, 1);


-- Table: activity_logs
DROP TABLE IF EXISTS activity_logs CASCADE;
CREATE TABLE activity_logs (
    id text NOT NULL,
    userId text NOT NULL,
    action text NOT NULL,
    details jsonb,
    ipAddress text,
    userAgent text,
    createdAt timestamp without time zone NOT NULL DEFAULT CURRENT_TIMESTAMP
);

-- Data for table: activity_logs
INSERT INTO activity_logs (id, userId, action, details, ipAddress, userAgent, createdAt) VALUES ('cmdelfj110003lg04mbedv7a4', 'cmdelfipt0000lg044topvgdl', 'USER_REGISTERED', {'email': 'chris@3-2-1.io', 'userType': 'TEACHER'}, '147.161.166.182', 'Mozilla/5.0 (Macintosh; Intel Mac OS X 10_15_7) AppleWebKit/537.36 (KHTML, like Gecko) Chrome/138.0.0.0 Safari/537.36', 2025-07-22 13:51:43.381000);
INSERT INTO activity_logs (id, userId, action, details, ipAddress, userAgent, createdAt) VALUES ('cmdelggxj0007lg04rqonz5t1', 'cmdelggmm0004lg043ydje9xm', 'USER_REGISTERED', {'email': 'info@3-2-1.io', 'userType': 'TEACHER'}, '147.161.166.182', 'Mozilla/5.0 (Macintosh; Intel Mac OS X 10_15_7) AppleWebKit/537.36 (KHTML, like Gecko) Chrome/138.0.0.0 Safari/537.36', 2025-07-22 13:52:27.320000);
INSERT INTO activity_logs (id, userId, action, details, ipAddress, userAgent, createdAt) VALUES ('cmdemof4i0003kz04ziq20jkk', 'cmdemoetj0000kz04ittzrcxd', 'USER_REGISTERED', {'email': 'chris@3-2-1.io', 'userType': 'TEACHER'}, '147.161.166.206', 'Mozilla/5.0 (Macintosh; Intel Mac OS X 10_15_7) AppleWebKit/537.36 (KHTML, like Gecko) Chrome/138.0.0.0 Safari/537.36', 2025-07-22 14:26:37.842000);
INSERT INTO activity_logs (id, userId, action, details, ipAddress, userAgent, createdAt) VALUES ('cmdemonnv0000l704f47hesmn', 'cmdemoetj0000kz04ittzrcxd', 'USER_LOGIN', {'email': 'chris@3-2-1.io', 'method': 'password'}, '147.161.166.206', 'Mozilla/5.0 (Macintosh; Intel Mac OS X 10_15_7) AppleWebKit/537.36 (KHTML, like Gecko) Chrome/138.0.0.0 Safari/537.36', 2025-07-22 14:26:48.907000);
INSERT INTO activity_logs (id, userId, action, details, ipAddress, userAgent, createdAt) VALUES ('cmdemq7ae0003jy049sacchoc', 'cmdemq6zi0000jy0491axqken', 'USER_REGISTERED_VIA_STRIPE', {'email': 'chris@starsite.digital', 'planName': 'Starter', 'userType': 'school', 'sessionId': 'cs_test_a1JaaZqawY6s36r0nZn2908Oe7b9vbe1LhFy7LouNnosbiSFLYSd7VEmWH', 'billingType': 'annual'}, NULL, NULL, 2025-07-22 14:28:00.998000);
INSERT INTO activity_logs (id, userId, action, details, ipAddress, userAgent, createdAt) VALUES ('cmdemqj4g0000l504w99da3qw', 'cmdemq6zi0000jy0491axqken', 'USER_LOGIN', {'email': 'chris@starsite.digital', 'method': 'password'}, '147.161.166.206', 'Mozilla/5.0 (Macintosh; Intel Mac OS X 10_15_7) AppleWebKit/537.36 (KHTML, like Gecko) Chrome/138.0.0.0 Safari/537.36', 2025-07-22 14:28:16.337000);
INSERT INTO activity_logs (id, userId, action, details, ipAddress, userAgent, createdAt) VALUES ('cmden3l2v0003jp04sjwbnphe', 'cmden3krd0000jp04ybwtl7a4', 'USER_REGISTERED_VIA_STRIPE', {'email': 'simon.littlejohn.ll@gmail.com', 'planName': 'Starter', 'userType': 'school', 'sessionId': 'cs_test_a1bEY4q6i4covOcYJw1LT43qA9b9fWMlGv9Jf5feXsJEk9Y1UXmja6xvo9', 'billingType': 'annual'}, NULL, NULL, 2025-07-22 14:38:25.400000);
INSERT INTO activity_logs (id, userId, action, details, ipAddress, userAgent, createdAt) VALUES ('cmden4kqq0001l504awpqpf1y', 'cmden3krd0000jp04ybwtl7a4', 'USER_LOGIN', {'email': 'simon.littlejohn.ll@gmail.com', 'method': 'password'}, '84.247.43.56', 'Mozilla/5.0 (iPhone; CPU iPhone OS 18_5 like Mac OS X) AppleWebKit/605.1.15 (KHTML, like Gecko) Version/18.5 Mobile/15E148 Safari/604.1', 2025-07-22 14:39:11.618000);
INSERT INTO activity_logs (id, userId, action, details, ipAddress, userAgent, createdAt) VALUES ('cmdenxnqn0002l5046ubsdd0z', 'cmden3krd0000jp04ybwtl7a4', 'USER_LOGIN', {'email': 'simon.littlejohn.ll@gmail.com', 'method': 'password'}, '84.247.43.56', 'Mozilla/5.0 (iPhone; CPU iPhone OS 18_5 like Mac OS X) AppleWebKit/605.1.15 (KHTML, like Gecko) Version/18.5 Mobile/15E148 Safari/604.1', 2025-07-22 15:01:48.528000);
INSERT INTO activity_logs (id, userId, action, details, ipAddress, userAgent, createdAt) VALUES ('cmdeqpryk0003js04yhlc5s7l', 'cmdeqprn40000js0451auz1dp', 'USER_REGISTERED_VIA_STRIPE', {'email': 'gp@gp.com', 'planName': 'Professional', 'userType': 'school', 'sessionId': 'cs_test_a17oRgvx6Wg28DtCf7uT3vZQRQGoEsXunEXgmir0dAVfONGai273npyzgQ', 'billingType': 'monthly'}, NULL, NULL, 2025-07-22 16:19:39.597000);
INSERT INTO activity_logs (id, userId, action, details, ipAddress, userAgent, createdAt) VALUES ('cmdgd7eaq0003l80anwwv07o6', 'cmdgd7dux0000l80ain4ay6sq', 'USER_REGISTERED', {'email': 'chris2@starsite.digital', 'userType': 'TEACHER'}, '81.97.8.133', 'Mozilla/5.0 (Macintosh; Intel Mac OS X 10_15_7) AppleWebKit/537.36 (KHTML, like Gecko) Chrome/138.0.0.0 Safari/537.36', 2025-07-23 19:36:59.427000);
INSERT INTO activity_logs (id, userId, action, details, ipAddress, userAgent, createdAt) VALUES ('cmdgd7n8v0000l90afawgiuvx', 'cmdgd7dux0000l80ain4ay6sq', 'USER_LOGIN', {'email': 'chris2@starsite.digital', 'method': 'password'}, '81.97.8.133', 'Mozilla/5.0 (Macintosh; Intel Mac OS X 10_15_7) AppleWebKit/537.36 (KHTML, like Gecko) Chrome/138.0.0.0 Safari/537.36', 2025-07-23 19:37:11.024000);
INSERT INTO activity_logs (id, userId, action, details, ipAddress, userAgent, createdAt) VALUES ('cmdgdwdq20003l504z1pjopb1', 'cmdgdwd9p0000l5049f9qcsy9', 'USER_REGISTERED', {'email': 'georgepierce@hotmail.co.uk', 'userType': 'TEACHER'}, '151.224.11.92', 'Mozilla/5.0 (iPhone; CPU iPhone OS 18_5 like Mac OS X) AppleWebKit/605.1.15 (KHTML, like Gecko) Version/18.5 Mobile/15E148 Safari/604.1', 2025-07-23 19:56:25.083000);
INSERT INTO activity_logs (id, userId, action, details, ipAddress, userAgent, createdAt) VALUES ('cmdgdwiqd0000l80ap3o09nvq', 'cmdgdwd9p0000l5049f9qcsy9', 'USER_LOGIN', {'email': 'georgepierce@hotmail.co.uk', 'method': 'password'}, '151.224.11.92', 'Mozilla/5.0 (iPhone; CPU iPhone OS 18_5 like Mac OS X) AppleWebKit/605.1.15 (KHTML, like Gecko) Version/18.5 Mobile/15E148 Safari/604.1', 2025-07-23 19:56:31.574000);
INSERT INTO activity_logs (id, userId, action, details, ipAddress, userAgent, createdAt) VALUES ('cmdge57vk0003l604bkd8zqd6', 'cmdge57k90000l604enh2kovp', 'USER_REGISTERED_VIA_STRIPE', {'email': 'dave1@dave.com', 'planName': 'Enterprise', 'userType': 'school', 'sessionId': 'cs_test_a1JehJoHr2oWzzmQvAZ8oMgxnXf9ejuyFRqmHMuJwKQAmvLUnLZ6yGPLCx', 'billingType': 'monthly'}, NULL, NULL, 2025-07-23 20:03:17.409000);
INSERT INTO activity_logs (id, userId, action, details, ipAddress, userAgent, createdAt) VALUES ('cmdge58030000l50as5w01vwv', 'cmdge57k90000l604enh2kovp', 'PAYMENT_SUCCEEDED', {'amount': 29900, 'currency': 'usd', 'invoiceId': 'in_1Ro8sdAcOaAFTE8ehYPhfoZ9'}, NULL, NULL, 2025-07-23 20:03:17.571000);
INSERT INTO activity_logs (id, userId, action, details, ipAddress, userAgent, createdAt) VALUES ('cmdge5hfy0000i80ad14ryc14', 'cmdge57k90000l604enh2kovp', 'USER_LOGIN', {'email': 'dave1@dave.com', 'method': 'password'}, '151.224.11.92', 'Mozilla/5.0 (iPhone; CPU iPhone OS 18_5 like Mac OS X) AppleWebKit/605.1.15 (KHTML, like Gecko) Version/18.5 Mobile/15E148 Safari/604.1', 2025-07-23 20:03:29.806000);
INSERT INTO activity_logs (id, userId, action, details, ipAddress, userAgent, createdAt) VALUES ('cmdgf5abk0000l404mj9rsf72', 'cmdemq6zi0000jy0491axqken', 'USER_LOGIN', {'email': 'chris@starsite.digital', 'method': 'password'}, '81.97.8.133', 'Mozilla/5.0 (Macintosh; Intel Mac OS X 10_15_7) AppleWebKit/537.36 (KHTML, like Gecko) Chrome/138.0.0.0 Safari/537.36', 2025-07-23 20:31:20.192000);
INSERT INTO activity_logs (id, userId, action, details, ipAddress, userAgent, createdAt) VALUES ('cmdgf5dlk0001l40450savlse', 'cmdge57k90000l604enh2kovp', 'USER_LOGIN', {'email': 'dave1@dave.com', 'method': 'password'}, '151.224.11.92', 'Mozilla/5.0 (iPhone; CPU iPhone OS 18_5 like Mac OS X) AppleWebKit/605.1.15 (KHTML, like Gecko) Version/18.5 Mobile/15E148 Safari/604.1', 2025-07-23 20:31:24.441000);
INSERT INTO activity_logs (id, userId, action, details, ipAddress, userAgent, createdAt) VALUES ('cmdgf5kjh0000jw04wn4km1ej', 'cmdgd7dux0000l80ain4ay6sq', 'USER_LOGIN', {'email': 'chris2@starsite.digital', 'method': 'password'}, '81.97.8.133', 'Mozilla/5.0 (Macintosh; Intel Mac OS X 10_15_7) AppleWebKit/537.36 (KHTML, like Gecko) Chrome/138.0.0.0 Safari/537.36', 2025-07-23 20:31:33.437000);
INSERT INTO activity_logs (id, userId, action, details, ipAddress, userAgent, createdAt) VALUES ('cmdgg6mpg0003l704wrf1jwd4', 'cmdgg6mds0000l7045c6homwe', 'USER_REGISTERED_VIA_STRIPE', {'email': 'dave@dave.com', 'planName': 'Professional', 'userType': 'school', 'sessionId': 'cs_test_a1UdWNryMJlVwqVvEwGyH3sAT0c8G8EwvMkxPyJygDVvV2xjxqALjexgTM', 'billingType': 'monthly'}, NULL, NULL, 2025-07-23 21:00:22.516000);
INSERT INTO activity_logs (id, userId, action, details, ipAddress, userAgent, createdAt) VALUES ('cmdigh7kb0000l7041ed46zj4', 'cmdge57k90000l604enh2kovp', 'USER_LOGIN', {'email': 'dave1@dave.com', 'method': 'password'}, '151.224.11.92', 'Mozilla/5.0 (iPhone; CPU iPhone OS 18_5 like Mac OS X) AppleWebKit/605.1.15 (KHTML, like Gecko) Version/18.5 Mobile/15E148 Safari/604.1', 2025-07-25 06:44:08.459000);
INSERT INTO activity_logs (id, userId, action, details, ipAddress, userAgent, createdAt) VALUES ('cmdigh9060001l704xuwdr0i6', 'cmdge57k90000l604enh2kovp', 'USER_LOGIN', {'email': 'dave1@dave.com', 'method': 'password'}, '151.224.11.92', 'Mozilla/5.0 (iPhone; CPU iPhone OS 18_5 like Mac OS X) AppleWebKit/605.1.15 (KHTML, like Gecko) Version/18.5 Mobile/15E148 Safari/604.1', 2025-07-25 06:44:10.326000);
INSERT INTO activity_logs (id, userId, action, details, ipAddress, userAgent, createdAt) VALUES ('cmdih4zr70000lh04zl76iyqt', 'cmdge57k90000l604enh2kovp', 'USER_LOGIN', {'email': 'dave1@dave.com', 'method': 'password'}, '151.224.11.92', 'Mozilla/5.0 (Macintosh; Intel Mac OS X 10_15_7) AppleWebKit/605.1.15 (KHTML, like Gecko) Version/18.5 Safari/605.1.15', 2025-07-25 07:02:38.083000);
INSERT INTO activity_logs (id, userId, action, details, ipAddress, userAgent, createdAt) VALUES ('cmdih51bh0001lh04usvmm5s5', 'cmdge57k90000l604enh2kovp', 'USER_LOGIN', {'email': 'dave1@dave.com', 'method': 'password'}, '151.224.11.92', 'Mozilla/5.0 (Macintosh; Intel Mac OS X 10_15_7) AppleWebKit/605.1.15 (KHTML, like Gecko) Version/18.5 Safari/605.1.15', 2025-07-25 07:02:40.109000);
INSERT INTO activity_logs (id, userId, action, details, ipAddress, userAgent, createdAt) VALUES ('cmdihdygj0003k804davhqhi5', 'cmdihdy0e0000k804e4a9q75f', 'USER_REGISTERED', {'email': 'prospectfarmlivery@gmail.com', 'userType': 'TEACHER'}, '151.224.11.92', 'Mozilla/5.0 (Macintosh; Intel Mac OS X 10_15_7) AppleWebKit/605.1.15 (KHTML, like Gecko) Version/18.5 Safari/605.1.15', 2025-07-25 07:09:36.308000);
INSERT INTO activity_logs (id, userId, action, details, ipAddress, userAgent, createdAt) VALUES ('cmeh3qw0e0000ju04jwhu5g82', 'cmeh3apu00000jx04vdefv5x6', 'PROFILE_UPDATED', {'profileComplete': False}, '151.225.142.67', 'Mozilla/5.0 (Macintosh; Intel Mac OS X 10_15_7) AppleWebKit/605.1.15 (KHTML, like Gecko) Version/18.5 Safari/605.1.15', 2025-08-18 12:39:41.199000);
INSERT INTO activity_logs (id, userId, action, details, ipAddress, userAgent, createdAt) VALUES ('cmdihl2yp0003ld04n2p9njw3', 'cmdihl2n30000ld043yncscip', 'USER_REGISTERED_VIA_STRIPE', {'email': 'geoff@geoff.com', 'planName': 'Enterprise', 'userType': 'school', 'sessionId': 'cs_test_a1ny9OJztYf7y253nsQ3678TXUMuXGcyiTVkzwWtt9dvim10HM88kymx4l', 'billingType': 'monthly'}, NULL, NULL, 2025-07-25 07:15:08.737000);
INSERT INTO activity_logs (id, userId, action, details, ipAddress, userAgent, createdAt) VALUES ('cmdihl85k0002lh04de0x2jdp', 'cmdihl2n30000ld043yncscip', 'USER_LOGIN', {'email': 'geoff@geoff.com', 'method': 'password'}, '151.224.11.92', 'Mozilla/5.0 (Macintosh; Intel Mac OS X 10_15_7) AppleWebKit/605.1.15 (KHTML, like Gecko) Version/18.5 Safari/605.1.15', 2025-07-25 07:15:15.464000);
INSERT INTO activity_logs (id, userId, action, details, ipAddress, userAgent, createdAt) VALUES ('cmdihl9gd0003lh04o4ujbr3c', 'cmdihl2n30000ld043yncscip', 'USER_LOGIN', {'email': 'geoff@geoff.com', 'method': 'password'}, '151.224.11.92', 'Mozilla/5.0 (Macintosh; Intel Mac OS X 10_15_7) AppleWebKit/605.1.15 (KHTML, like Gecko) Version/18.5 Safari/605.1.15', 2025-07-25 07:15:17.149000);
INSERT INTO activity_logs (id, userId, action, details, ipAddress, userAgent, createdAt) VALUES ('cmdiihqfa0004lh043j5jmioz', 'cmden3krd0000jp04ybwtl7a4', 'USER_LOGIN', {'email': 'simon.littlejohn.ll@gmail.com', 'method': 'password'}, '91.196.222.47', 'Mozilla/5.0 (iPhone; CPU iPhone OS 18_5 like Mac OS X) AppleWebKit/605.1.15 (KHTML, like Gecko) Version/18.5 Mobile/15E148 Safari/604.1', 2025-07-25 07:40:32.134000);
INSERT INTO activity_logs (id, userId, action, details, ipAddress, userAgent, createdAt) VALUES ('cmdiihrug0005lh04pqsosrh1', 'cmden3krd0000jp04ybwtl7a4', 'USER_LOGIN', {'email': 'simon.littlejohn.ll@gmail.com', 'method': 'password'}, '91.196.222.47', 'Mozilla/5.0 (iPhone; CPU iPhone OS 18_5 like Mac OS X) AppleWebKit/605.1.15 (KHTML, like Gecko) Version/18.5 Mobile/15E148 Safari/604.1', 2025-07-25 07:40:33.976000);
INSERT INTO activity_logs (id, userId, action, details, ipAddress, userAgent, createdAt) VALUES ('cmdiwl6bm0000jl0492uaiies', 'cmdihl2n30000ld043yncscip', 'USER_LOGIN', {'email': 'geoff@geoff.com', 'method': 'password'}, '151.224.11.92', 'Mozilla/5.0 (Macintosh; Intel Mac OS X 10_15_7) AppleWebKit/605.1.15 (KHTML, like Gecko) Version/18.5 Safari/605.1.15', 2025-07-25 14:15:07.331000);
INSERT INTO activity_logs (id, userId, action, details, ipAddress, userAgent, createdAt) VALUES ('cmdiwl7o90001jl04pfur6qck', 'cmdihl2n30000ld043yncscip', 'USER_LOGIN', {'email': 'geoff@geoff.com', 'method': 'password'}, '151.224.11.92', 'Mozilla/5.0 (Macintosh; Intel Mac OS X 10_15_7) AppleWebKit/605.1.15 (KHTML, like Gecko) Version/18.5 Safari/605.1.15', 2025-07-25 14:15:09.081000);
INSERT INTO activity_logs (id, userId, action, details, ipAddress, userAgent, createdAt) VALUES ('cmdiwmhh70000l80aegq3u6a0', 'cmdihl2n30000ld043yncscip', 'USER_LOGIN', {'email': 'geoff@geoff.com', 'method': 'password'}, '151.224.11.92', 'Mozilla/5.0 (Macintosh; Intel Mac OS X 10_15_7) AppleWebKit/605.1.15 (KHTML, like Gecko) Version/18.5 Safari/605.1.15', 2025-07-25 14:16:08.443000);
INSERT INTO activity_logs (id, userId, action, details, ipAddress, userAgent, createdAt) VALUES ('cmdiwmmku0001l80aycw8dklo', 'cmdihl2n30000ld043yncscip', 'USER_LOGIN', {'email': 'geoff@geoff.com', 'method': 'password'}, '151.224.11.92', 'Mozilla/5.0 (Macintosh; Intel Mac OS X 10_15_7) AppleWebKit/605.1.15 (KHTML, like Gecko) Version/18.5 Safari/605.1.15', 2025-07-25 14:16:15.055000);
INSERT INTO activity_logs (id, userId, action, details, ipAddress, userAgent, createdAt) VALUES ('cmdn9nd8s0000l504thhbn36h', 'cmdemq6zi0000jy0491axqken', 'USER_LOGIN', {'email': 'chris@starsite.digital', 'method': 'password'}, '217.138.229.74', 'Mozilla/5.0 (Macintosh; Intel Mac OS X 10_15_7) AppleWebKit/537.36 (KHTML, like Gecko) Chrome/138.0.0.0 Safari/537.36', 2025-07-28 15:31:49.325000);
INSERT INTO activity_logs (id, userId, action, details, ipAddress, userAgent, createdAt) VALUES ('cmdn9nehb0001l504whckajgi', 'cmdemq6zi0000jy0491axqken', 'USER_LOGIN', {'email': 'chris@starsite.digital', 'method': 'password'}, '217.138.229.74', 'Mozilla/5.0 (Macintosh; Intel Mac OS X 10_15_7) AppleWebKit/537.36 (KHTML, like Gecko) Chrome/138.0.0.0 Safari/537.36', 2025-07-28 15:31:50.928000);
INSERT INTO activity_logs (id, userId, action, details, ipAddress, userAgent, createdAt) VALUES ('cmdnb5x9h0002jr048sqv9o4z', 'cmdemq6zi0000jy0491axqken', 'JOB_CREATED', {'jobId': 'cmdnb5ws30001jr04p2t1sndc', 'title': 'asdgsdgdfsgf'}, '217.138.229.74', 'Mozilla/5.0 (Macintosh; Intel Mac OS X 10_15_7) AppleWebKit/537.36 (KHTML, like Gecko) Chrome/138.0.0.0 Safari/537.36', 2025-07-28 16:14:14.694000);
INSERT INTO activity_logs (id, userId, action, details, ipAddress, userAgent, createdAt) VALUES ('cmdnh6gk60000l7049l7uu0c3', 'cmdemq6zi0000jy0491axqken', 'PROFILE_UPDATED', {'schoolId': 'cmdemq73t0002jy04mzdzuzy1', 'profileComplete': False}, '194.32.120.245', 'Mozilla/5.0 (Macintosh; Intel Mac OS X 10_15_7) AppleWebKit/537.36 (KHTML, like Gecko) Chrome/138.0.0.0 Safari/537.36', 2025-07-28 19:02:37.398000);
INSERT INTO activity_logs (id, userId, action, details, ipAddress, userAgent, createdAt) VALUES ('cmdnh6syz0001l7042xvx7g3f', 'cmdemq6zi0000jy0491axqken', 'PROFILE_UPDATED', {'schoolId': 'cmdemq73t0002jy04mzdzuzy1', 'profileComplete': False}, '194.32.120.245', 'Mozilla/5.0 (Macintosh; Intel Mac OS X 10_15_7) AppleWebKit/537.36 (KHTML, like Gecko) Chrome/138.0.0.0 Safari/537.36', 2025-07-28 19:02:53.483000);
INSERT INTO activity_logs (id, userId, action, details, ipAddress, userAgent, createdAt) VALUES ('cmdnh7kv20002l704vr4nhfse', 'cmdemq6zi0000jy0491axqken', 'PROFILE_UPDATED', {'schoolId': 'cmdemq73t0002jy04mzdzuzy1', 'profileComplete': True}, '194.32.120.245', 'Mozilla/5.0 (Macintosh; Intel Mac OS X 10_15_7) AppleWebKit/537.36 (KHTML, like Gecko) Chrome/138.0.0.0 Safari/537.36', 2025-07-28 19:03:29.631000);
INSERT INTO activity_logs (id, userId, action, details, ipAddress, userAgent, createdAt) VALUES ('cmdnhhvzy0000jv04wz3f4ixi', 'cmdemq6zi0000jy0491axqken', 'PROFILE_UPDATED', {'schoolId': 'cmdemq73t0002jy04mzdzuzy1', 'profileComplete': True}, '194.32.120.224', 'Mozilla/5.0 (Macintosh; Intel Mac OS X 10_15_7) AppleWebKit/537.36 (KHTML, like Gecko) Chrome/138.0.0.0 Safari/537.36', 2025-07-28 19:11:30.623000);
INSERT INTO activity_logs (id, userId, action, details, ipAddress, userAgent, createdAt) VALUES ('cmdnhx6950000k004jtwhrjva', 'cmdemq6zi0000jy0491axqken', 'PROFILE_UPDATED', {'schoolId': 'cmdemq73t0002jy04mzdzuzy1', 'profileComplete': True}, '185.192.70.254', 'Mozilla/5.0 (Macintosh; Intel Mac OS X 10_15_7) AppleWebKit/537.36 (KHTML, like Gecko) Chrome/138.0.0.0 Safari/537.36', 2025-07-28 19:23:23.753000);
INSERT INTO activity_logs (id, userId, action, details, ipAddress, userAgent, createdAt) VALUES ('cmdnibw460000kt0455dw9rdk', 'cmdihl2n30000ld043yncscip', 'USER_LOGIN', {'email': 'geoff@geoff.com', 'method': 'password'}, '2.223.183.5', 'Mozilla/5.0 (Macintosh; Intel Mac OS X 10_15_7) AppleWebKit/605.1.15 (KHTML, like Gecko) Version/18.5 Safari/605.1.15', 2025-07-28 19:34:50.455000);
INSERT INTO activity_logs (id, userId, action, details, ipAddress, userAgent, createdAt) VALUES ('cmdnibxex0001kt0419sv0g7k', 'cmdihl2n30000ld043yncscip', 'USER_LOGIN', {'email': 'geoff@geoff.com', 'method': 'password'}, '2.223.183.5', 'Mozilla/5.0 (Macintosh; Intel Mac OS X 10_15_7) AppleWebKit/605.1.15 (KHTML, like Gecko) Version/18.5 Safari/605.1.15', 2025-07-28 19:34:52.137000);
INSERT INTO activity_logs (id, userId, action, details, ipAddress, userAgent, createdAt) VALUES ('cmdnifh8r0000ju04m0otvzr2', 'cmdemq6zi0000jy0491axqken', 'FILE_UPLOADED', {'url': 'https://2cokliapgj4ssrui.public.blob.vercel-storage.com/school/chris-school-cmdemq73t0002jy04mzdzuzy1/logo/1753731456792-logo.png', 'size': 2308501, 'type': 'logo', 'filename': 'school/chris-school-cmdemq73t0002jy04mzdzuzy1/logo/1753731456792-logo.png', 'mimetype': 'image/png', 'originalname': 'Screenshot 2025-07-21 at 11.10.09.png'}, '194.32.120.226', 'Mozilla/5.0 (Macintosh; Intel Mac OS X 10_15_7) AppleWebKit/537.36 (KHTML, like Gecko) Chrome/138.0.0.0 Safari/537.36', 2025-07-28 19:37:37.803000);
INSERT INTO activity_logs (id, userId, action, details, ipAddress, userAgent, createdAt) VALUES ('cmdnifkqd0000l20476l8pgik', 'cmdemq6zi0000jy0491axqken', 'PROFILE_UPDATED', {'schoolId': 'cmdemq73t0002jy04mzdzuzy1', 'profileComplete': True}, '194.32.120.226', 'Mozilla/5.0 (Macintosh; Intel Mac OS X 10_15_7) AppleWebKit/537.36 (KHTML, like Gecko) Chrome/138.0.0.0 Safari/537.36', 2025-07-28 19:37:42.326000);
INSERT INTO activity_logs (id, userId, action, details, ipAddress, userAgent, createdAt) VALUES ('cmdnihl5o0001l204sfr8rtkx', 'cmdihl2n30000ld043yncscip', 'PROFILE_UPDATED', {'schoolId': 'cmdihl2rt0002ld04jmqpur7m', 'profileComplete': False}, '2.223.183.5', 'Mozilla/5.0 (Macintosh; Intel Mac OS X 10_15_7) AppleWebKit/605.1.15 (KHTML, like Gecko) Version/18.5 Safari/605.1.15', 2025-07-28 19:39:16.188000);
INSERT INTO activity_logs (id, userId, action, details, ipAddress, userAgent, createdAt) VALUES ('cmdnii1e10002l204wn92mjbj', 'cmdihl2n30000ld043yncscip', 'PROFILE_UPDATED', {'schoolId': 'cmdihl2rt0002ld04jmqpur7m', 'profileComplete': False}, '2.223.183.5', 'Mozilla/5.0 (Macintosh; Intel Mac OS X 10_15_7) AppleWebKit/605.1.15 (KHTML, like Gecko) Version/18.5 Safari/605.1.15', 2025-07-28 19:39:37.226000);
INSERT INTO activity_logs (id, userId, action, details, ipAddress, userAgent, createdAt) VALUES ('cmdnijhnz0002jo04ekvpa6bo', 'cmdihl2n30000ld043yncscip', 'JOB_CREATED', {'jobId': 'cmdnijh6h0001jo0405rctxfj', 'title': '1'}, '2.223.183.5', 'Mozilla/5.0 (Macintosh; Intel Mac OS X 10_15_7) AppleWebKit/605.1.15 (KHTML, like Gecko) Version/18.5 Safari/605.1.15', 2025-07-28 19:40:44.976000);
INSERT INTO activity_logs (id, userId, action, details, ipAddress, userAgent, createdAt) VALUES ('cmdnikpkg0000js04hceadzxp', 'cmdihl2n30000ld043yncscip', 'JOB_STATUS_UPDATED', {'jobId': 'cmdnijh6h0001jo0405rctxfj', 'jobTitle': '1', 'newStatus': 'PAUSED', 'oldStatus': 'ACTIVE'}, '2.223.183.5', 'Mozilla/5.0 (Macintosh; Intel Mac OS X 10_15_7) AppleWebKit/605.1.15 (KHTML, like Gecko) Version/18.5 Safari/605.1.15', 2025-07-28 19:41:41.873000);
INSERT INTO activity_logs (id, userId, action, details, ipAddress, userAgent, createdAt) VALUES ('cmdniktur0001js045oe97yxc', 'cmdihl2n30000ld043yncscip', 'JOB_STATUS_UPDATED', {'jobId': 'cmdnijh6h0001jo0405rctxfj', 'jobTitle': '1', 'newStatus': 'ACTIVE', 'oldStatus': 'PAUSED'}, '2.223.183.5', 'Mozilla/5.0 (Macintosh; Intel Mac OS X 10_15_7) AppleWebKit/605.1.15 (KHTML, like Gecko) Version/18.5 Safari/605.1.15', 2025-07-28 19:41:47.427000);
INSERT INTO activity_logs (id, userId, action, details, ipAddress, userAgent, createdAt) VALUES ('cmdnio4jg0002h104g3s74rm6', 'system', 'EMAIL_SENT', {'email': 'chris@3-2-1.io', 'status': 'sent', 'template': 'applicationReceived', 'timestamp': '2025-07-28T19:44:20.735Z'}, NULL, NULL, 2025-07-28 19:44:21.244000);
INSERT INTO activity_logs (id, userId, action, details, ipAddress, userAgent, createdAt) VALUES ('cmdnio4qb0003h104q7efetw8', 'system', 'EMAIL_SENT', {'email': 'chris@starsite.digital', 'status': 'sent', 'template': 'guestApplicationConfirmation', 'timestamp': '2025-07-28T19:44:21.491Z'}, NULL, NULL, 2025-07-28 19:44:21.492000);
INSERT INTO activity_logs (id, userId, action, details, ipAddress, userAgent, createdAt) VALUES ('cmdnjs3cx0000jr04qj0bfm6i', 'cmdemq6zi0000jy0491axqken', 'DOCUMENT_DOWNLOADED', {'jobTitle': 'asdgsdgdfsgf', 'teacherName': 'Christopher Rogers', 'documentType': 'resume', 'applicationId': 'cmdnio3ig0001h104fb60ve3o'}, '194.32.120.238', 'Mozilla/5.0 (Macintosh; Intel Mac OS X 10_15_7) AppleWebKit/537.36 (KHTML, like Gecko) Chrome/138.0.0.0 Safari/537.36', 2025-07-28 20:15:25.953000);
INSERT INTO activity_logs (id, userId, action, details, ipAddress, userAgent, createdAt) VALUES ('cmdnkbjq90000l504er90kq3v', 'cmdemq6zi0000jy0491axqken', 'JOB_UPDATED', {'jobId': 'cmdnb5ws30001jr04p2t1sndc', 'title': 'asdgsdgdfsgf', 'changes': ['title', 'description', 'location', 'salary', 'type', 'deadline', 'qualification', 'teachingLicenseRequired', 'kazakhLanguageRequired', 'localCertificationRequired', 'benefits', 'useSchoolProfile', 'schoolDescription', 'status']}, '194.32.120.242', 'Mozilla/5.0 (Macintosh; Intel Mac OS X 10_15_7) AppleWebKit/537.36 (KHTML, like Gecko) Chrome/138.0.0.0 Safari/537.36', 2025-07-28 20:30:33.633000);
INSERT INTO activity_logs (id, userId, action, details, ipAddress, userAgent, createdAt) VALUES ('cmdoawn390000lc04g6ze0j0o', 'cmdge57k90000l604enh2kovp', 'PROFILE_UPDATED', {'schoolId': 'cmdge57ok0002l604yictic3t', 'profileComplete': False}, '78.86.161.64', 'Mozilla/5.0 (iPhone; CPU iPhone OS 18_5 like Mac OS X) AppleWebKit/605.1.15 (KHTML, like Gecko) Version/18.5 Mobile/15E148 Safari/604.1', 2025-07-29 08:54:47.781000);
INSERT INTO activity_logs (id, userId, action, details, ipAddress, userAgent, createdAt) VALUES ('cmdoax9rw0001lc04ubex7yj6', 'cmdge57k90000l604enh2kovp', 'PROFILE_UPDATED', {'schoolId': 'cmdge57ok0002l604yictic3t', 'profileComplete': False}, '78.86.161.64', 'Mozilla/5.0 (iPhone; CPU iPhone OS 18_5 like Mac OS X) AppleWebKit/605.1.15 (KHTML, like Gecko) Version/18.5 Mobile/15E148 Safari/604.1', 2025-07-29 08:55:17.181000);
INSERT INTO activity_logs (id, userId, action, details, ipAddress, userAgent, createdAt) VALUES ('cmdoaygb60002l204ael5lbey', 'cmdge57k90000l604enh2kovp', 'JOB_CREATED', {'jobId': 'cmdoayftk0001l2042i52o0w5', 'title': 'Test'}, '78.86.161.64', 'Mozilla/5.0 (iPhone; CPU iPhone OS 18_5 like Mac OS X) AppleWebKit/605.1.15 (KHTML, like Gecko) Version/18.5 Mobile/15E148 Safari/604.1', 2025-07-29 08:56:12.307000);
INSERT INTO activity_logs (id, userId, action, details, ipAddress, userAgent, createdAt) VALUES ('cmdoayhg90005l204sex6fiml', 'cmdge57k90000l604enh2kovp', 'JOB_CREATED', {'jobId': 'cmdoaygys0004l204c0yvt146', 'title': 'Test'}, '78.86.161.64', 'Mozilla/5.0 (iPhone; CPU iPhone OS 18_5 like Mac OS X) AppleWebKit/605.1.15 (KHTML, like Gecko) Version/18.5 Mobile/15E148 Safari/604.1', 2025-07-29 08:56:13.786000);
INSERT INTO activity_logs (id, userId, action, details, ipAddress, userAgent, createdAt) VALUES ('cmdoazgjy0000la04372n78au', 'cmdge57k90000l604enh2kovp', 'JOB_UPDATED', {'jobId': 'cmdoaygys0004l204c0yvt146', 'title': 'Test', 'changes': ['title', 'description', 'location', 'salary', 'type', 'deadline', 'qualification', 'teachingLicenseRequired', 'kazakhLanguageRequired', 'localCertificationRequired', 'benefits', 'useSchoolProfile', 'schoolDescription', 'status']}, '78.86.161.64', 'Mozilla/5.0 (iPhone; CPU iPhone OS 18_5 like Mac OS X) AppleWebKit/605.1.15 (KHTML, like Gecko) Version/18.5 Mobile/15E148 Safari/604.1', 2025-07-29 08:56:59.278000);
INSERT INTO activity_logs (id, userId, action, details, ipAddress, userAgent, createdAt) VALUES ('cmdoazgww0000l204aksbhuv5', 'cmdge57k90000l604enh2kovp', 'JOB_UPDATED', {'jobId': 'cmdoaygys0004l204c0yvt146', 'title': 'Test', 'changes': ['title', 'description', 'location', 'salary', 'type', 'deadline', 'qualification', 'teachingLicenseRequired', 'kazakhLanguageRequired', 'localCertificationRequired', 'benefits', 'useSchoolProfile', 'schoolDescription', 'status']}, '78.86.161.64', 'Mozilla/5.0 (iPhone; CPU iPhone OS 18_5 like Mac OS X) AppleWebKit/605.1.15 (KHTML, like Gecko) Version/18.5 Mobile/15E148 Safari/604.1', 2025-07-29 08:56:59.666000);
INSERT INTO activity_logs (id, userId, action, details, ipAddress, userAgent, createdAt) VALUES ('cmdoazhgc0001l204pzpipose', 'cmdge57k90000l604enh2kovp', 'JOB_UPDATED', {'jobId': 'cmdoaygys0004l204c0yvt146', 'title': 'Test', 'changes': ['title', 'description', 'location', 'salary', 'type', 'deadline', 'qualification', 'teachingLicenseRequired', 'kazakhLanguageRequired', 'localCertificationRequired', 'benefits', 'useSchoolProfile', 'schoolDescription', 'status']}, '78.86.161.64', 'Mozilla/5.0 (iPhone; CPU iPhone OS 18_5 like Mac OS X) AppleWebKit/605.1.15 (KHTML, like Gecko) Version/18.5 Mobile/15E148 Safari/604.1', 2025-07-29 08:57:00.056000);
INSERT INTO activity_logs (id, userId, action, details, ipAddress, userAgent, createdAt) VALUES ('cmdoazhko0002l204e8d8bjl9', 'cmdge57k90000l604enh2kovp', 'JOB_UPDATED', {'jobId': 'cmdoaygys0004l204c0yvt146', 'title': 'Test', 'changes': ['title', 'description', 'location', 'salary', 'type', 'deadline', 'qualification', 'teachingLicenseRequired', 'kazakhLanguageRequired', 'localCertificationRequired', 'benefits', 'useSchoolProfile', 'schoolDescription', 'status']}, '78.86.161.64', 'Mozilla/5.0 (iPhone; CPU iPhone OS 18_5 like Mac OS X) AppleWebKit/605.1.15 (KHTML, like Gecko) Version/18.5 Mobile/15E148 Safari/604.1', 2025-07-29 08:57:00.445000);
INSERT INTO activity_logs (id, userId, action, details, ipAddress, userAgent, createdAt) VALUES ('cmdoazhmv0003l204diruja55', 'cmdge57k90000l604enh2kovp', 'JOB_UPDATED', {'jobId': 'cmdoaygys0004l204c0yvt146', 'title': 'Test', 'changes': ['title', 'description', 'location', 'salary', 'type', 'deadline', 'qualification', 'teachingLicenseRequired', 'kazakhLanguageRequired', 'localCertificationRequired', 'benefits', 'useSchoolProfile', 'schoolDescription', 'status']}, '78.86.161.64', 'Mozilla/5.0 (iPhone; CPU iPhone OS 18_5 like Mac OS X) AppleWebKit/605.1.15 (KHTML, like Gecko) Version/18.5 Mobile/15E148 Safari/604.1', 2025-07-29 08:57:00.679000);
INSERT INTO activity_logs (id, userId, action, details, ipAddress, userAgent, createdAt) VALUES ('cmdob09z80000js04c2p3z6th', 'cmdge57k90000l604enh2kovp', 'JOB_UPDATED', {'jobId': 'cmdoaygys0004l204c0yvt146', 'title': 'Test 1234', 'changes': ['title', 'description', 'location', 'salary', 'type', 'deadline', 'qualification', 'teachingLicenseRequired', 'kazakhLanguageRequired', 'localCertificationRequired', 'benefits', 'useSchoolProfile', 'schoolDescription', 'status']}, '78.86.161.64', 'Mozilla/5.0 (iPhone; CPU iPhone OS 18_5 like Mac OS X) AppleWebKit/605.1.15 (KHTML, like Gecko) Version/18.5 Mobile/15E148 Safari/604.1', 2025-07-29 08:57:37.412000);
INSERT INTO activity_logs (id, userId, action, details, ipAddress, userAgent, createdAt) VALUES ('cmdob1dnd0001js04f2rw22of', 'cmdge57k90000l604enh2kovp', 'JOB_UPDATED', {'jobId': 'cmdoayftk0001l2042i52o0w5', 'title': 'Test 24', 'changes': ['title', 'description', 'location', 'salary', 'type', 'deadline', 'qualification', 'teachingLicenseRequired', 'kazakhLanguageRequired', 'localCertificationRequired', 'benefits', 'useSchoolProfile', 'schoolDescription', 'status']}, '78.86.161.64', 'Mozilla/5.0 (iPhone; CPU iPhone OS 18_5 like Mac OS X) AppleWebKit/605.1.15 (KHTML, like Gecko) Version/18.5 Mobile/15E148 Safari/604.1', 2025-07-29 08:58:28.825000);
INSERT INTO activity_logs (id, userId, action, details, ipAddress, userAgent, createdAt) VALUES ('cmdob1xb90000jo040giyo4i9', 'cmdge57k90000l604enh2kovp', 'JOB_STATUS_UPDATED', {'jobId': 'cmdoaygys0004l204c0yvt146', 'jobTitle': 'Test 1234', 'newStatus': 'PAUSED', 'oldStatus': 'ACTIVE'}, '78.86.161.64', 'Mozilla/5.0 (iPhone; CPU iPhone OS 18_5 like Mac OS X) AppleWebKit/605.1.15 (KHTML, like Gecko) Version/18.5 Mobile/15E148 Safari/604.1', 2025-07-29 08:58:54.310000);
INSERT INTO activity_logs (id, userId, action, details, ipAddress, userAgent, createdAt) VALUES ('cmdob25010000l104nl092y94', 'cmdge57k90000l604enh2kovp', 'JOB_STATUS_UPDATED', {'jobId': 'cmdoaygys0004l204c0yvt146', 'jobTitle': 'Test 1234', 'newStatus': 'ACTIVE', 'oldStatus': 'PAUSED'}, '78.86.161.64', 'Mozilla/5.0 (iPhone; CPU iPhone OS 18_5 like Mac OS X) AppleWebKit/605.1.15 (KHTML, like Gecko) Version/18.5 Mobile/15E148 Safari/604.1', 2025-07-29 08:59:04.273000);
INSERT INTO activity_logs (id, userId, action, details, ipAddress, userAgent, createdAt) VALUES ('cmdob2my10000jv040f67bikq', 'cmdihl2n30000ld043yncscip', 'USER_LOGIN', {'email': 'geoff@geoff.com', 'method': 'password'}, '78.86.161.64', 'Mozilla/5.0 (iPhone; CPU iPhone OS 18_5 like Mac OS X) AppleWebKit/605.1.15 (KHTML, like Gecko) Version/18.5 Mobile/15E148 Safari/604.1', 2025-07-29 08:59:27.529000);
INSERT INTO activity_logs (id, userId, action, details, ipAddress, userAgent, createdAt) VALUES ('cmdob2oeo0001jv04w9q0e5iw', 'cmdihl2n30000ld043yncscip', 'USER_LOGIN', {'email': 'geoff@geoff.com', 'method': 'password'}, '78.86.161.64', 'Mozilla/5.0 (iPhone; CPU iPhone OS 18_5 like Mac OS X) AppleWebKit/605.1.15 (KHTML, like Gecko) Version/18.5 Mobile/15E148 Safari/604.1', 2025-07-29 08:59:29.425000);
INSERT INTO activity_logs (id, userId, action, details, ipAddress, userAgent, createdAt) VALUES ('cmdob6dib0002le04hydh62fr', 'system', 'EMAIL_SENT', {'email': 'chris@3-2-1.io', 'status': 'sent', 'template': 'applicationReceived', 'timestamp': '2025-07-29T09:02:21.411Z'}, NULL, NULL, 2025-07-29 09:02:21.924000);
INSERT INTO activity_logs (id, userId, action, details, ipAddress, userAgent, createdAt) VALUES ('cmdob6do70003le04uloj0r9b', 'system', 'EMAIL_SENT', {'email': 'georgepierce@hotmail.co.uk', 'status': 'sent', 'template': 'guestApplicationConfirmation', 'timestamp': '2025-07-29T09:02:22.135Z'}, NULL, NULL, 2025-07-29 09:02:22.136000);
INSERT INTO activity_logs (id, userId, action, details, ipAddress, userAgent, createdAt) VALUES ('cmdob9skb0000js04ffw5cbct', 'cmdihl2n30000ld043yncscip', 'USER_LOGIN', {'email': 'geoff@geoff.com', 'method': 'password'}, '78.86.161.64', 'Mozilla/5.0 (Macintosh; Intel Mac OS X 10_15_7) AppleWebKit/605.1.15 (KHTML, like Gecko) Version/18.5 Safari/605.1.15', 2025-07-29 09:05:01.403000);
INSERT INTO activity_logs (id, userId, action, details, ipAddress, userAgent, createdAt) VALUES ('cmdob9tuc0001js041lh1xqll', 'cmdihl2n30000ld043yncscip', 'USER_LOGIN', {'email': 'geoff@geoff.com', 'method': 'password'}, '78.86.161.64', 'Mozilla/5.0 (Macintosh; Intel Mac OS X 10_15_7) AppleWebKit/605.1.15 (KHTML, like Gecko) Version/18.5 Safari/605.1.15', 2025-07-29 09:05:03.060000);
INSERT INTO activity_logs (id, userId, action, details, ipAddress, userAgent, createdAt) VALUES ('cmdobb0og0002js04hf9xrmad', 'cmdihl2n30000ld043yncscip', 'USER_LOGIN', {'email': 'geoff@geoff.com', 'method': 'password'}, '78.86.161.64', 'Mozilla/5.0 (iPhone; CPU iPhone OS 18_5 like Mac OS X) AppleWebKit/605.1.15 (KHTML, like Gecko) Version/18.5 Mobile/15E148 Safari/604.1', 2025-07-29 09:05:58.576000);
INSERT INTO activity_logs (id, userId, action, details, ipAddress, userAgent, createdAt) VALUES ('cmdobb28e0003js042emhwxtd', 'cmdihl2n30000ld043yncscip', 'USER_LOGIN', {'email': 'geoff@geoff.com', 'method': 'password'}, '78.86.161.64', 'Mozilla/5.0 (iPhone; CPU iPhone OS 18_5 like Mac OS X) AppleWebKit/605.1.15 (KHTML, like Gecko) Version/18.5 Mobile/15E148 Safari/604.1', 2025-07-29 09:06:00.590000);
INSERT INTO activity_logs (id, userId, action, details, ipAddress, userAgent, createdAt) VALUES ('cmdobbpa90004js04msoot4mw', 'cmdgdwd9p0000l5049f9qcsy9', 'USER_LOGIN', {'email': 'georgepierce@hotmail.co.uk', 'method': 'password'}, '78.86.161.64', 'Mozilla/5.0 (iPhone; CPU iPhone OS 18_5 like Mac OS X) AppleWebKit/605.1.15 (KHTML, like Gecko) Version/18.5 Mobile/15E148 Safari/604.1', 2025-07-29 09:06:30.465000);
INSERT INTO activity_logs (id, userId, action, details, ipAddress, userAgent, createdAt) VALUES ('cmdobbqjm0005js04rpwkpomm', 'cmdgdwd9p0000l5049f9qcsy9', 'USER_LOGIN', {'email': 'georgepierce@hotmail.co.uk', 'method': 'password'}, '78.86.161.64', 'Mozilla/5.0 (iPhone; CPU iPhone OS 18_5 like Mac OS X) AppleWebKit/605.1.15 (KHTML, like Gecko) Version/18.5 Mobile/15E148 Safari/604.1', 2025-07-29 09:06:32.099000);
INSERT INTO activity_logs (id, userId, action, details, ipAddress, userAgent, createdAt) VALUES ('cmdobevmg0002l804b0gwkxkx', 'system', 'EMAIL_SENT', {'status': 'sent', 'template': 'applicationReceived', 'timestamp': '2025-07-29T09:08:58.138Z'}, NULL, NULL, 2025-07-29 09:08:58.649000);
INSERT INTO activity_logs (id, userId, action, details, ipAddress, userAgent, createdAt) VALUES ('cmdobevtg0003l804ol93v89s', 'system', 'EMAIL_SENT', {'email': 'geoff@geoff.co.uk', 'status': 'sent', 'template': 'guestApplicationConfirmation', 'timestamp': '2025-07-29T09:08:58.899Z'}, NULL, NULL, 2025-07-29 09:08:58.900000);
INSERT INTO activity_logs (id, userId, action, details, ipAddress, userAgent, createdAt) VALUES ('cmdobgd3m0006js04p2tm4lvg', 'cmdihl2n30000ld043yncscip', 'USER_LOGIN', {'email': 'geoff@geoff.com', 'method': 'password'}, '78.86.161.64', 'Mozilla/5.0 (Macintosh; Intel Mac OS X 10_15_7) AppleWebKit/605.1.15 (KHTML, like Gecko) Version/18.5 Safari/605.1.15', 2025-07-29 09:10:07.954000);
INSERT INTO activity_logs (id, userId, action, details, ipAddress, userAgent, createdAt) VALUES ('cmdobgedv0007js04l457nhq1', 'cmdihl2n30000ld043yncscip', 'USER_LOGIN', {'email': 'geoff@geoff.com', 'method': 'password'}, '78.86.161.64', 'Mozilla/5.0 (Macintosh; Intel Mac OS X 10_15_7) AppleWebKit/605.1.15 (KHTML, like Gecko) Version/18.5 Safari/605.1.15', 2025-07-29 09:10:09.620000);
INSERT INTO activity_logs (id, userId, action, details, ipAddress, userAgent, createdAt) VALUES ('cmdobhdxx0000js04ixe817xi', 'cmdihl2n30000ld043yncscip', 'DOCUMENT_DOWNLOADED', {'jobTitle': '1', 'teacherName': 'George Pierce', 'documentType': 'resume', 'applicationId': 'cmdobeuj10001l804hs0quofi'}, '78.86.161.64', 'Mozilla/5.0 (Macintosh; Intel Mac OS X 10_15_7) AppleWebKit/605.1.15 (KHTML, like Gecko) Version/18.5 Safari/605.1.15', 2025-07-29 09:10:55.702000);
INSERT INTO activity_logs (id, userId, action, details, ipAddress, userAgent, createdAt) VALUES ('cmdoc4jkj0008js04koe2ec2z', 'cmden3krd0000jp04ybwtl7a4', 'USER_LOGIN', {'email': 'simon.littlejohn.ll@gmail.com', 'method': 'password'}, '94.101.115.71', 'Mozilla/5.0 (iPhone; CPU iPhone OS 18_5 like Mac OS X) AppleWebKit/605.1.15 (KHTML, like Gecko) Version/18.5 Mobile/15E148 Safari/604.1', 2025-07-29 09:28:56.083000);
INSERT INTO activity_logs (id, userId, action, details, ipAddress, userAgent, createdAt) VALUES ('cmdoc4kzs0009js04i2vsoweo', 'cmden3krd0000jp04ybwtl7a4', 'USER_LOGIN', {'email': 'simon.littlejohn.ll@gmail.com', 'method': 'password'}, '94.101.115.71', 'Mozilla/5.0 (iPhone; CPU iPhone OS 18_5 like Mac OS X) AppleWebKit/605.1.15 (KHTML, like Gecko) Version/18.5 Mobile/15E148 Safari/604.1', 2025-07-29 09:28:57.929000);
INSERT INTO activity_logs (id, userId, action, details, ipAddress, userAgent, createdAt) VALUES ('cmdzl91ab0003k4040utxuadr', 'cmdzl90z30000k404rkwxe85p', 'USER_REGISTERED_VIA_STRIPE', {'email': 'Henrypierce@henrypierce.com', 'planName': 'Professional', 'userType': 'school', 'sessionId': 'cs_test_a1koRu7TU2Mzesue0FaS6MRTSfQqRumpIwdBBuJCdOxN1Axo4ZlRViKYOw', 'billingType': 'monthly'}, NULL, NULL, 2025-08-06 06:29:50.147000);
INSERT INTO activity_logs (id, userId, action, details, ipAddress, userAgent, createdAt) VALUES ('cmdzl91xj0004k4040q61trul', 'system', 'EMAIL_SENT', {'status': 'sent', 'template': 'schoolWelcome', 'timestamp': '2025-08-06T06:29:50.490Z'}, NULL, NULL, 2025-08-06 06:29:50.984000);
INSERT INTO activity_logs (id, userId, action, details, ipAddress, userAgent, createdAt) VALUES ('cmdzl9lp50000jr04842ck1yq', 'cmdzl90z30000k404rkwxe85p', 'USER_LOGIN', {'email': 'Henrypierce@henrypierce.com', 'method': 'password'}, '151.225.142.67', 'Mozilla/5.0 (Macintosh; Intel Mac OS X 10_15_7) AppleWebKit/605.1.15 (KHTML, like Gecko) Version/18.5 Safari/605.1.15', 2025-08-06 06:30:16.601000);
INSERT INTO activity_logs (id, userId, action, details, ipAddress, userAgent, createdAt) VALUES ('cmdzl9nbz0001jr048rarro0u', 'cmdzl90z30000k404rkwxe85p', 'USER_LOGIN', {'email': 'Henrypierce@henrypierce.com', 'method': 'password'}, '151.225.142.67', 'Mozilla/5.0 (Macintosh; Intel Mac OS X 10_15_7) AppleWebKit/605.1.15 (KHTML, like Gecko) Version/18.5 Safari/605.1.15', 2025-08-06 06:30:18.720000);
INSERT INTO activity_logs (id, userId, action, details, ipAddress, userAgent, createdAt) VALUES ('cmdzlz78y0002js044xe62sha', 'cmdzl90z30000k404rkwxe85p', 'JOB_CREATED', {'jobId': 'cmdzlz6r90001js04sotgdz7f', 'title': 'Henry Pierce ESL Teacher Application'}, '151.225.142.67', 'Mozilla/5.0 (Macintosh; Intel Mac OS X 10_15_7) AppleWebKit/605.1.15 (KHTML, like Gecko) Version/18.5 Safari/605.1.15', 2025-08-06 06:50:10.931000);
INSERT INTO activity_logs (id, userId, action, details, ipAddress, userAgent, createdAt) VALUES ('cmdzmfhek0000jm04816qztmp', 'cmdzl90z30000k404rkwxe85p', 'PROFILE_UPDATED', {'schoolId': 'cmdzl913n0002k404x4552nhf', 'profileComplete': False}, '151.225.142.67', 'Mozilla/5.0 (Macintosh; Intel Mac OS X 10_15_7) AppleWebKit/605.1.15 (KHTML, like Gecko) Version/18.5 Safari/605.1.15', 2025-08-06 07:02:50.589000);
INSERT INTO activity_logs (id, userId, action, details, ipAddress, userAgent, createdAt) VALUES ('cmdzmiaux0002i804soiehsjk', 'cmdzl90z30000k404rkwxe85p', 'JOB_CREATED', {'jobId': 'cmdzmiadf0001i804h48z38ym', 'title': 'Henry Test 2'}, '151.225.142.67', 'Mozilla/5.0 (Macintosh; Intel Mac OS X 10_15_7) AppleWebKit/605.1.15 (KHTML, like Gecko) Version/18.5 Safari/605.1.15', 2025-08-06 07:05:02.074000);
INSERT INTO activity_logs (id, userId, action, details, ipAddress, userAgent, createdAt) VALUES ('cmdzmnmo30000k104e6xfnd7h', 'cmdzl90z30000k404rkwxe85p', 'JOB_UPDATED', {'jobId': 'cmdzmiadf0001i804h48z38ym', 'title': 'Henry Test 2', 'changes': ['title', 'description', 'location', 'salary', 'type', 'deadline', 'qualification', 'teachingLicenseRequired', 'kazakhLanguageRequired', 'localCertificationRequired', 'benefits', 'useSchoolProfile', 'schoolDescription', 'status']}, '151.225.142.67', 'Mozilla/5.0 (Macintosh; Intel Mac OS X 10_15_7) AppleWebKit/605.1.15 (KHTML, like Gecko) Version/18.5 Safari/605.1.15', 2025-08-06 07:09:10.660000);
INSERT INTO activity_logs (id, userId, action, details, ipAddress, userAgent, createdAt) VALUES ('cmdzmspvs0001k104kmhlz733', 'cmdzl90z30000k404rkwxe85p', 'JOB_UPDATED', {'jobId': 'cmdzmiadf0001i804h48z38ym', 'title': 'Henry Test 2', 'changes': ['title', 'description', 'location', 'salary', 'type', 'deadline', 'qualification', 'teachingLicenseRequired', 'kazakhLanguageRequired', 'localCertificationRequired', 'benefits', 'useSchoolProfile', 'schoolDescription', 'status']}, '151.225.142.67', 'Mozilla/5.0 (Macintosh; Intel Mac OS X 10_15_7) AppleWebKit/605.1.15 (KHTML, like Gecko) Version/18.5 Safari/605.1.15', 2025-08-06 07:13:08.105000);
INSERT INTO activity_logs (id, userId, action, details, ipAddress, userAgent, createdAt) VALUES ('cmdzmtz240002k1046w2f9d1r', 'cmdzl90z30000k404rkwxe85p', 'JOB_UPDATED', {'jobId': 'cmdzmiadf0001i804h48z38ym', 'title': 'Henry Test 2', 'changes': ['title', 'description', 'location', 'salary', 'type', 'deadline', 'qualification', 'teachingLicenseRequired', 'kazakhLanguageRequired', 'localCertificationRequired', 'benefits', 'useSchoolProfile', 'schoolDescription', 'status']}, '151.225.142.67', 'Mozilla/5.0 (Macintosh; Intel Mac OS X 10_15_7) AppleWebKit/605.1.15 (KHTML, like Gecko) Version/18.5 Safari/605.1.15', 2025-08-06 07:14:06.653000);
INSERT INTO activity_logs (id, userId, action, details, ipAddress, userAgent, createdAt) VALUES ('cmdzmuh0r0003k104vohbylb8', 'cmdzl90z30000k404rkwxe85p', 'JOB_UPDATED', {'jobId': 'cmdzmiadf0001i804h48z38ym', 'title': 'Henry Test 2', 'changes': ['title', 'description', 'location', 'salary', 'type', 'deadline', 'qualification', 'teachingLicenseRequired', 'kazakhLanguageRequired', 'localCertificationRequired', 'benefits', 'useSchoolProfile', 'schoolDescription', 'status']}, '151.225.142.67', 'Mozilla/5.0 (Macintosh; Intel Mac OS X 10_15_7) AppleWebKit/605.1.15 (KHTML, like Gecko) Version/18.5 Safari/605.1.15', 2025-08-06 07:14:29.931000);
INSERT INTO activity_logs (id, userId, action, details, ipAddress, userAgent, createdAt) VALUES ('cmdzmur5l0004k104e8229plx', 'cmdzl90z30000k404rkwxe85p', 'JOB_UPDATED', {'jobId': 'cmdzmiadf0001i804h48z38ym', 'title': 'Henry Test 2', 'changes': ['title', 'description', 'location', 'salary', 'type', 'deadline', 'qualification', 'teachingLicenseRequired', 'kazakhLanguageRequired', 'localCertificationRequired', 'benefits', 'useSchoolProfile', 'schoolDescription', 'status']}, '151.225.142.67', 'Mozilla/5.0 (Macintosh; Intel Mac OS X 10_15_7) AppleWebKit/605.1.15 (KHTML, like Gecko) Version/18.5 Safari/605.1.15', 2025-08-06 07:14:43.066000);
INSERT INTO activity_logs (id, userId, action, details, ipAddress, userAgent, createdAt) VALUES ('cmdzn2m5n0000l704krmhwo75', 'cmdzl90z30000k404rkwxe85p', 'JOB_STATUS_UPDATED', {'jobId': 'cmdzmiadf0001i804h48z38ym', 'jobTitle': 'Henry Test 2', 'newStatus': 'PAUSED', 'oldStatus': 'ACTIVE'}, '151.225.142.67', 'Mozilla/5.0 (Macintosh; Intel Mac OS X 10_15_7) AppleWebKit/605.1.15 (KHTML, like Gecko) Version/18.5 Safari/605.1.15', 2025-08-06 07:20:49.835000);
INSERT INTO activity_logs (id, userId, action, details, ipAddress, userAgent, createdAt) VALUES ('cmdzn2t6o0001l7041boj2weh', 'cmdzl90z30000k404rkwxe85p', 'JOB_STATUS_UPDATED', {'jobId': 'cmdzmiadf0001i804h48z38ym', 'jobTitle': 'Henry Test 2', 'newStatus': 'ACTIVE', 'oldStatus': 'PAUSED'}, '151.225.142.67', 'Mozilla/5.0 (Macintosh; Intel Mac OS X 10_15_7) AppleWebKit/605.1.15 (KHTML, like Gecko) Version/18.5 Safari/605.1.15', 2025-08-06 07:20:58.945000);
INSERT INTO activity_logs (id, userId, action, details, ipAddress, userAgent, createdAt) VALUES ('cmdzn303h0002l704wi8r8rke', 'cmdzl90z30000k404rkwxe85p', 'JOB_STATUS_UPDATED', {'jobId': 'cmdzmiadf0001i804h48z38ym', 'jobTitle': 'Henry Test 2', 'newStatus': 'PAUSED', 'oldStatus': 'ACTIVE'}, '151.225.142.67', 'Mozilla/5.0 (Macintosh; Intel Mac OS X 10_15_7) AppleWebKit/605.1.15 (KHTML, like Gecko) Version/18.5 Safari/605.1.15', 2025-08-06 07:21:07.901000);
INSERT INTO activity_logs (id, userId, action, details, ipAddress, userAgent, createdAt) VALUES ('cmdzn3hv60003l704cjmflkv9', 'cmdzl90z30000k404rkwxe85p', 'JOB_STATUS_UPDATED', {'jobId': 'cmdzmiadf0001i804h48z38ym', 'jobTitle': 'Henry Test 2', 'newStatus': 'CLOSED', 'oldStatus': 'PAUSED'}, '151.225.142.67', 'Mozilla/5.0 (Macintosh; Intel Mac OS X 10_15_7) AppleWebKit/605.1.15 (KHTML, like Gecko) Version/18.5 Safari/605.1.15', 2025-08-06 07:21:30.930000);
INSERT INTO activity_logs (id, userId, action, details, ipAddress, userAgent, createdAt) VALUES ('cme9gi07j0000lb04lfph5umy', 'cmdemq6zi0000jy0491axqken', 'USER_LOGIN', {'email': 'chris@starsite.digital', 'method': 'password'}, '45.8.19.201', 'Mozilla/5.0 (Macintosh; Intel Mac OS X 10_15_7) AppleWebKit/537.36 (KHTML, like Gecko) Chrome/138.0.0.0 Safari/537.36', 2025-08-13 04:14:32.336000);
INSERT INTO activity_logs (id, userId, action, details, ipAddress, userAgent, createdAt) VALUES ('cme9gi1jy0001lb0493zp00ax', 'cmdemq6zi0000jy0491axqken', 'USER_LOGIN', {'email': 'chris@starsite.digital', 'method': 'password'}, '45.8.19.201', 'Mozilla/5.0 (Macintosh; Intel Mac OS X 10_15_7) AppleWebKit/537.36 (KHTML, like Gecko) Chrome/138.0.0.0 Safari/537.36', 2025-08-13 04:14:34.079000);
INSERT INTO activity_logs (id, userId, action, details, ipAddress, userAgent, createdAt) VALUES ('cme9gigho0000la04r7hb9m61', 'cmdemq6zi0000jy0491axqken', 'JOB_UPDATED', {'jobId': 'cmdnb5ws30001jr04p2t1sndc', 'title': 'asdgsdgdfsgf', 'changes': ['title', 'description', 'location', 'salary', 'type', 'deadline', 'qualification', 'teachingLicenseRequired', 'kazakhLanguageRequired', 'localCertificationRequired', 'benefits', 'useSchoolProfile', 'schoolDescription', 'status']}, '45.8.19.201', 'Mozilla/5.0 (Macintosh; Intel Mac OS X 10_15_7) AppleWebKit/537.36 (KHTML, like Gecko) Chrome/138.0.0.0 Safari/537.36', 2025-08-13 04:14:53.436000);
INSERT INTO activity_logs (id, userId, action, details, ipAddress, userAgent, createdAt) VALUES ('cme9gj8310002jr043avhfl8k', 'cmdemq6zi0000jy0491axqken', 'JOB_CREATED', {'jobId': 'cme9gj7lc0001jr040fth4mai', 'title': 'fsddfdsfd'}, '45.8.19.201', 'Mozilla/5.0 (Macintosh; Intel Mac OS X 10_15_7) AppleWebKit/537.36 (KHTML, like Gecko) Chrome/138.0.0.0 Safari/537.36', 2025-08-13 04:15:29.197000);
INSERT INTO activity_logs (id, userId, action, details, ipAddress, userAgent, createdAt) VALUES ('cme9gjgu10001la04mwzdiua3', 'cmdemq6zi0000jy0491axqken', 'JOB_UPDATED', {'jobId': 'cme9gj7lc0001jr040fth4mai', 'title': 'fsddfdsfd', 'changes': ['title', 'description', 'location', 'salary', 'type', 'deadline', 'qualification', 'teachingLicenseRequired', 'kazakhLanguageRequired', 'localCertificationRequired', 'benefits', 'useSchoolProfile', 'schoolDescription', 'status']}, '45.8.19.201', 'Mozilla/5.0 (Macintosh; Intel Mac OS X 10_15_7) AppleWebKit/537.36 (KHTML, like Gecko) Chrome/138.0.0.0 Safari/537.36', 2025-08-13 04:15:40.538000);
INSERT INTO activity_logs (id, userId, action, details, ipAddress, userAgent, createdAt) VALUES ('cme9mv4z80000lb049jdvif16', 'cmdemq6zi0000jy0491axqken', 'JOB_UPDATED', {'jobId': 'cme9gj7lc0001jr040fth4mai', 'title': 'fsddfdsfd', 'changes': ['title', 'description', 'location', 'salary', 'type', 'deadline', 'qualification', 'teachingLicenseRequired', 'kazakhLanguageRequired', 'localCertificationRequired', 'benefits', 'useSchoolProfile', 'schoolDescription', 'status']}, '217.138.229.74', 'Mozilla/5.0 (Macintosh; Intel Mac OS X 10_15_7) AppleWebKit/537.36 (KHTML, like Gecko) Chrome/138.0.0.0 Safari/537.36', 2025-08-13 07:12:42.740000);
INSERT INTO activity_logs (id, userId, action, details, ipAddress, userAgent, createdAt) VALUES ('cmed1aac60000l804zofvcv5n', 'cmdeqprn40000js0451auz1dp', 'INVOICE_UPCOMING', {'amount': 11900, 'dueDate': '2025-08-22T16:19:32.000Z'}, NULL, NULL, 2025-08-15 16:19:42.679000);
INSERT INTO activity_logs (id, userId, action, details, ipAddress, userAgent, createdAt) VALUES ('cmed1ab9h0001l804pf1ph63o', 'system', 'EMAIL_SENT', {'email': 'gp@gp.com', 'status': 'sent', 'template': 'subscriptionChanged', 'timestamp': '2025-08-15T16:19:43.386Z'}, NULL, NULL, 2025-08-15 16:19:43.877000);
INSERT INTO activity_logs (id, userId, action, details, ipAddress, userAgent, createdAt) VALUES ('cmeeomo7h0000jy04vgestd6l', 'cmdgg6mds0000l7045c6homwe', 'INVOICE_UPCOMING', {'amount': 11900, 'dueDate': '2025-08-23T20:00:20.000Z'}, NULL, NULL, 2025-08-16 20:00:57.870000);
INSERT INTO activity_logs (id, userId, action, details, ipAddress, userAgent, createdAt) VALUES ('cmeeomp3y0001jy04abphta4v', 'system', 'EMAIL_SENT', {'email': 'dave@dave.com', 'status': 'sent', 'template': 'subscriptionChanged', 'timestamp': '2025-08-16T20:00:58.530Z'}, NULL, NULL, 2025-08-16 20:00:59.038000);
INSERT INTO activity_logs (id, userId, action, details, ipAddress, userAgent, createdAt) VALUES ('cmeeoqguc0002jy04zevt0u2w', 'cmdge57k90000l604enh2kovp', 'INVOICE_UPCOMING', {'amount': 29900, 'dueDate': '2025-08-23T20:03:11.000Z'}, NULL, NULL, 2025-08-16 20:03:54.948000);
INSERT INTO activity_logs (id, userId, action, details, ipAddress, userAgent, createdAt) VALUES ('cmeeoqhcj0003jy045ey3l73m', 'system', 'EMAIL_SENT', {'email': 'dave1@dave.com', 'status': 'sent', 'template': 'subscriptionChanged', 'timestamp': '2025-08-16T20:03:55.522Z'}, NULL, NULL, 2025-08-16 20:03:55.523000);
INSERT INTO activity_logs (id, userId, action, details, ipAddress, userAgent, createdAt) VALUES ('cmegs6bcd0000l40457a2oz34', 'cmdihl2n30000ld043yncscip', 'INVOICE_UPCOMING', {'amount': 29900, 'dueDate': '2025-08-25T07:15:02.000Z'}, NULL, NULL, 2025-08-18 07:15:45.517000);
INSERT INTO activity_logs (id, userId, action, details, ipAddress, userAgent, createdAt) VALUES ('cmegs6c880001l404uktxve5m', 'system', 'EMAIL_SENT', {'email': 'geoff@geoff.com', 'status': 'sent', 'template': 'subscriptionChanged', 'timestamp': '2025-08-18T07:15:46.166Z'}, NULL, NULL, 2025-08-18 07:15:46.664000);
INSERT INTO activity_logs (id, userId, action, details, ipAddress, userAgent, createdAt) VALUES ('cmeh1slnj0000ky04qdpn0kwh', 'cmdzl90z30000k404rkwxe85p', 'USER_LOGIN', {'email': 'Henrypierce@henrypierce.com', 'method': 'password'}, '151.225.142.67', 'Mozilla/5.0 (Macintosh; Intel Mac OS X 10_15_7) AppleWebKit/605.1.15 (KHTML, like Gecko) Version/18.5 Safari/605.1.15', 2025-08-18 11:45:01.856000);
INSERT INTO activity_logs (id, userId, action, details, ipAddress, userAgent, createdAt) VALUES ('cmeh1smyc0001ky0403bw2mwp', 'cmdzl90z30000k404rkwxe85p', 'USER_LOGIN', {'email': 'Henrypierce@henrypierce.com', 'method': 'password'}, '151.225.142.67', 'Mozilla/5.0 (Macintosh; Intel Mac OS X 10_15_7) AppleWebKit/605.1.15 (KHTML, like Gecko) Version/18.5 Safari/605.1.15', 2025-08-18 11:45:03.541000);
INSERT INTO activity_logs (id, userId, action, details, ipAddress, userAgent, createdAt) VALUES ('cmeh1vb0a0002k1041tq43up6', 'cmdzl90z30000k404rkwxe85p', 'JOB_CREATED', {'jobId': 'cmeh1vaj20001k104g02e8m4h', 'title': 'George Pierce Test'}, '151.225.142.67', 'Mozilla/5.0 (Macintosh; Intel Mac OS X 10_15_7) AppleWebKit/605.1.15 (KHTML, like Gecko) Version/18.5 Safari/605.1.15', 2025-08-18 11:47:08.027000);
INSERT INTO activity_logs (id, userId, action, details, ipAddress, userAgent, createdAt) VALUES ('cmeh1zygx0000jo041gl82lds', 'cmdzl90z30000k404rkwxe85p', 'JOB_UPDATED', {'jobId': 'cmeh1vaj20001k104g02e8m4h', 'title': 'George Pierce Test', 'changes': ['title', 'description', 'location', 'salary', 'type', 'deadline', 'qualification', 'teachingLicenseRequired', 'kazakhLanguageRequired', 'localCertificationRequired', 'benefits', 'useSchoolProfile', 'schoolDescription', 'status']}, '151.225.142.67', 'Mozilla/5.0 (Macintosh; Intel Mac OS X 10_15_7) AppleWebKit/605.1.15 (KHTML, like Gecko) Version/18.5 Safari/605.1.15', 2025-08-18 11:50:45.058000);
INSERT INTO activity_logs (id, userId, action, details, ipAddress, userAgent, createdAt) VALUES ('cmeh3aq9o0003jx04cmwivinh', 'cmeh3apu00000jx04vdefv5x6', 'USER_REGISTERED', {'email': 'mynames@geoff.com', 'userType': 'TEACHER'}, '151.225.142.67', 'Mozilla/5.0 (Macintosh; Intel Mac OS X 10_15_7) AppleWebKit/605.1.15 (KHTML, like Gecko) Version/18.5 Safari/605.1.15', 2025-08-18 12:27:07.260000);
INSERT INTO activity_logs (id, userId, action, details, ipAddress, userAgent, createdAt) VALUES ('cmeh3aqxt0004jx04upls7s85', 'system', 'EMAIL_SENT', {'status': 'sent', 'template': 'teacherWelcome', 'timestamp': '2025-08-18T12:27:07.631Z'}, NULL, NULL, 2025-08-18 12:27:08.130000);
INSERT INTO activity_logs (id, userId, action, details, ipAddress, userAgent, createdAt) VALUES ('cmeh3oaa40000l404ylrqukl8', 'cmeh3apu00000jx04vdefv5x6', 'FILE_UPLOADED', {'url': 'https://2cokliapgj4ssrui.public.blob.vercel-storage.com/teacher/geoffrey-geoff-cmeh3aq310002jx048zd0fatg/resume/1755520658986-resume.docx', 'size': 34839, 'type': 'resume', 'filename': 'teacher/geoffrey-geoff-cmeh3aq310002jx048zd0fatg/resume/1755520658986-resume.docx', 'mimetype': 'application/vnd.openxmlformats-officedocument.wordprocessingml.document', 'originalname': 'Research.docx'}, '151.225.142.67', 'Mozilla/5.0 (Macintosh; Intel Mac OS X 10_15_7) AppleWebKit/605.1.15 (KHTML, like Gecko) Version/18.5 Safari/605.1.15', 2025-08-18 12:37:39.724000);
INSERT INTO activity_logs (id, userId, action, details, ipAddress, userAgent, createdAt) VALUES ('cmeh3ostf0000kt044wsn4bf5', 'cmeh3apu00000jx04vdefv5x6', 'FILE_UPLOADED', {'url': 'https://2cokliapgj4ssrui.public.blob.vercel-storage.com/teacher/geoffrey-geoff-cmeh3aq310002jx048zd0fatg/resume/1755520683044-resume.docx', 'size': 28827, 'type': 'resume', 'filename': 'teacher/geoffrey-geoff-cmeh3aq310002jx048zd0fatg/resume/1755520683044-resume.docx', 'mimetype': 'application/vnd.openxmlformats-officedocument.wordprocessingml.document', 'originalname': 'Shareholders_Agreement.docx'}, '151.225.142.67', 'Mozilla/5.0 (Macintosh; Intel Mac OS X 10_15_7) AppleWebKit/605.1.15 (KHTML, like Gecko) Version/18.5 Safari/605.1.15', 2025-08-18 12:38:03.748000);
INSERT INTO activity_logs (id, userId, action, details, ipAddress, userAgent, createdAt) VALUES ('cmeh3pf670001kt04eqvgfvew', 'cmeh3apu00000jx04vdefv5x6', 'FILE_UPLOADED', {'url': 'https://2cokliapgj4ssrui.public.blob.vercel-storage.com/teacher/geoffrey-geoff-cmeh3aq310002jx048zd0fatg/photo/1755520711833-photo.jpeg', 'size': 182474, 'type': 'photo', 'filename': 'teacher/geoffrey-geoff-cmeh3aq310002jx048zd0fatg/photo/1755520711833-photo.jpeg', 'mimetype': 'image/jpeg', 'originalname': 'Simon eating.jpeg'}, '151.225.142.67', 'Mozilla/5.0 (Macintosh; Intel Mac OS X 10_15_7) AppleWebKit/605.1.15 (KHTML, like Gecko) Version/18.5 Safari/605.1.15', 2025-08-18 12:38:32.719000);
INSERT INTO activity_logs (id, userId, action, details, ipAddress, userAgent, createdAt) VALUES ('cmeh3q1y40002kt04nf8mf6zg', 'cmeh3apu00000jx04vdefv5x6', 'FILE_UPLOADED', {'url': 'https://2cokliapgj4ssrui.public.blob.vercel-storage.com/teacher/geoffrey-geoff-cmeh3aq310002jx048zd0fatg/portfolio/1755520741371-portfolio.docx', 'size': 14313, 'type': 'portfolio', 'filename': 'teacher/geoffrey-geoff-cmeh3aq310002jx048zd0fatg/portfolio/1755520741371-portfolio.docx', 'mimetype': 'application/vnd.openxmlformats-officedocument.wordprocessingml.document', 'originalname': 'Teacher Personas.docx'}, '151.225.142.67', 'Mozilla/5.0 (Macintosh; Intel Mac OS X 10_15_7) AppleWebKit/605.1.15 (KHTML, like Gecko) Version/18.5 Safari/605.1.15', 2025-08-18 12:39:02.237000);
INSERT INTO activity_logs (id, userId, action, details, ipAddress, userAgent, createdAt) VALUES ('cmeh3r8ir0001ju04oocqkzvs', 'cmeh3apu00000jx04vdefv5x6', 'PROFILE_UPDATED', {'profileComplete': False}, '151.225.142.67', 'Mozilla/5.0 (Macintosh; Intel Mac OS X 10_15_7) AppleWebKit/605.1.15 (KHTML, like Gecko) Version/18.5 Safari/605.1.15', 2025-08-18 12:39:57.411000);
INSERT INTO activity_logs (id, userId, action, details, ipAddress, userAgent, createdAt) VALUES ('cmeh44clj0003jo04abiyzrym', 'cmeh44c9v0000jo046ilfpubp', 'USER_REGISTERED_VIA_STRIPE', {'email': 'chris@test.com', 'planName': 'Enterprise', 'userType': 'school', 'sessionId': 'cs_test_a1h9kLUXpSEArRCAxQo32gJoHwDXpVmoM89CiWIoJNuv2IcQTwlmgOB7lF', 'billingType': 'monthly'}, NULL, NULL, 2025-08-18 12:50:09.224000);
INSERT INTO activity_logs (id, userId, action, details, ipAddress, userAgent, createdAt) VALUES ('cmeh44d970004jo04gv5vf19y', 'system', 'EMAIL_SENT', {'status': 'sent', 'template': 'schoolWelcome', 'timestamp': '2025-08-18T12:50:09.588Z'}, NULL, NULL, 2025-08-18 12:50:10.076000);
INSERT INTO activity_logs (id, userId, action, details, ipAddress, userAgent, createdAt) VALUES ('cmeh45qsb0000ld0408omhomp', 'cmeh44c9v0000jo046ilfpubp', 'USER_LOGIN', {'email': 'chris@test.com', 'method': 'password'}, '151.225.142.67', 'Mozilla/5.0 (Macintosh; Intel Mac OS X 10_15_7) AppleWebKit/605.1.15 (KHTML, like Gecko) Version/18.5 Safari/605.1.15', 2025-08-18 12:51:14.268000);
INSERT INTO activity_logs (id, userId, action, details, ipAddress, userAgent, createdAt) VALUES ('cmeh45sbq0001ld04bo27pou1', 'cmeh44c9v0000jo046ilfpubp', 'USER_LOGIN', {'email': 'chris@test.com', 'method': 'password'}, '151.225.142.67', 'Mozilla/5.0 (Macintosh; Intel Mac OS X 10_15_7) AppleWebKit/605.1.15 (KHTML, like Gecko) Version/18.5 Safari/605.1.15', 2025-08-18 12:51:16.262000);
INSERT INTO activity_logs (id, userId, action, details, ipAddress, userAgent, createdAt) VALUES ('cmeh49cy10002l204pium47bz', 'cmeh44c9v0000jo046ilfpubp', 'JOB_CREATED', {'jobId': 'cmeh49ch00001l204o3ws8cw5', 'title': 'Chris Job Title'}, '151.225.142.67', 'Mozilla/5.0 (Macintosh; Intel Mac OS X 10_15_7) AppleWebKit/605.1.15 (KHTML, like Gecko) Version/18.5 Safari/605.1.15', 2025-08-18 12:54:02.954000);
INSERT INTO activity_logs (id, userId, action, details, ipAddress, userAgent, createdAt) VALUES ('cmeh4j7t60005l204k0ct2jbc', 'cmeh44c9v0000jo046ilfpubp', 'JOB_CREATED', {'jobId': 'cmeh4j79t0004l2046qj7ct46', 'title': 'TESTICLES'}, '151.225.142.67', 'Mozilla/5.0 (Macintosh; Intel Mac OS X 10_15_7) AppleWebKit/605.1.15 (KHTML, like Gecko) Version/18.5 Safari/605.1.15', 2025-08-18 13:01:42.858000);
INSERT INTO activity_logs (id, userId, action, details, ipAddress, userAgent, createdAt) VALUES ('cmeh4squi0000l404rdp1e9rf', 'cmeh44c9v0000jo046ilfpubp', 'USER_LOGIN', {'email': 'chris@test.com', 'method': 'password'}, '151.225.142.67', 'Mozilla/5.0 (Macintosh; Intel Mac OS X 10_15_7) AppleWebKit/605.1.15 (KHTML, like Gecko) Version/18.5 Safari/605.1.15', 2025-08-18 13:09:07.435000);
INSERT INTO activity_logs (id, userId, action, details, ipAddress, userAgent, createdAt) VALUES ('cmeh4ss6d0001l404egzm6zmz', 'cmeh44c9v0000jo046ilfpubp', 'USER_LOGIN', {'email': 'chris@test.com', 'method': 'password'}, '151.225.142.67', 'Mozilla/5.0 (Macintosh; Intel Mac OS X 10_15_7) AppleWebKit/605.1.15 (KHTML, like Gecko) Version/18.5 Safari/605.1.15', 2025-08-18 13:09:09.157000);
INSERT INTO activity_logs (id, userId, action, details, ipAddress, userAgent, createdAt) VALUES ('cmeh4uemb0000ib043tci5twc', 'cmeh44c9v0000jo046ilfpubp', 'JOB_UPDATED', {'jobId': 'cmeh4j79t0004l2046qj7ct46', 'title': 'TESTICLES', 'changes': ['title', 'description', 'location', 'salary', 'type', 'deadline', 'qualification', 'teachingLicenseRequired', 'kazakhLanguageRequired', 'localCertificationRequired', 'benefits', 'useSchoolProfile', 'schoolDescription', 'status']}, '151.225.142.67', 'Mozilla/5.0 (Macintosh; Intel Mac OS X 10_15_7) AppleWebKit/605.1.15 (KHTML, like Gecko) Version/18.5 Safari/605.1.15', 2025-08-18 13:10:24.899000);
INSERT INTO activity_logs (id, userId, action, details, ipAddress, userAgent, createdAt) VALUES ('cmen3jkul0000jv04auh9ol6y', 'cmdeqprn40000js0451auz1dp', 'PAYMENT_SUCCEEDED', {'amount': 11900, 'currency': 'usd', 'invoiceId': 'in_1RyxgkAcOaAFTE8esQYWxkop'}, NULL, NULL, 2025-08-22 17:20:37.197000);
INSERT INTO activity_logs (id, userId, action, details, ipAddress, userAgent, createdAt) VALUES ('cmeoqupp60000l704airzre63', 'cmdgg6mds0000l7045c6homwe', 'PAYMENT_SUCCEEDED', {'amount': 11900, 'currency': 'usd', 'invoiceId': 'in_1RzNc6AcOaAFTE8etn31STkk'}, NULL, NULL, 2025-08-23 21:00:54.043000);
INSERT INTO activity_logs (id, userId, action, details, ipAddress, userAgent, createdAt) VALUES ('cmeoqzx9e0001l7045ngq7en6', 'cmdge57k90000l604enh2kovp', 'PAYMENT_SUCCEEDED', {'amount': 29900, 'currency': 'usd', 'invoiceId': 'in_1RzNfUAcOaAFTE8elaDyuojz'}, NULL, NULL, 2025-08-23 21:04:57.122000);
INSERT INTO activity_logs (id, userId, action, details, ipAddress, userAgent, createdAt) VALUES ('cmeq2wqlf0000l7046qhcy4mj', 'cmeh44c9v0000jo046ilfpubp', 'USER_LOGIN', {'email': 'chris@test.com', 'method': 'password'}, '78.86.33.185', 'Mozilla/5.0 (iPhone; CPU iPhone OS 18_6_2 like Mac OS X) AppleWebKit/605.1.15 (KHTML, like Gecko) Version/18.6 Mobile/15E148 Safari/604.1', 2025-08-24 19:26:10.083000);
INSERT INTO activity_logs (id, userId, action, details, ipAddress, userAgent, createdAt) VALUES ('cmeq2ws5b0001l704vzt2fj5h', 'cmeh44c9v0000jo046ilfpubp', 'USER_LOGIN', {'email': 'chris@test.com', 'method': 'password'}, '78.86.33.185', 'Mozilla/5.0 (iPhone; CPU iPhone OS 18_6_2 like Mac OS X) AppleWebKit/605.1.15 (KHTML, like Gecko) Version/18.6 Mobile/15E148 Safari/604.1', 2025-08-24 19:26:12.095000);
INSERT INTO activity_logs (id, userId, action, details, ipAddress, userAgent, createdAt) VALUES ('cmequf9wg0000jy048tte6ps3', 'cmdihl2n30000ld043yncscip', 'PAYMENT_SUCCEEDED', {'amount': 29900, 'currency': 'usd', 'invoiceId': 'in_1RzucbAcOaAFTE8evdZrX4Be'}, NULL, NULL, 2025-08-25 08:16:24.544000);
INSERT INTO activity_logs (id, userId, action, details, ipAddress, userAgent, createdAt) VALUES ('cmexvu6t90000lg041f43if5v', 'cmdzl90z30000k404rkwxe85p', 'INVOICE_UPCOMING', {'amount': 11900, 'dueDate': '2025-09-06T06:29:24.000Z'}, NULL, NULL, 2025-08-30 06:30:23.230000);
INSERT INTO activity_logs (id, userId, action, details, ipAddress, userAgent, createdAt) VALUES ('cmexvu7pd0001lg049ewfbn02', 'system', 'EMAIL_SENT', {'email': 'Henrypierce@henrypierce.com', 'status': 'sent', 'template': 'subscriptionChanged', 'timestamp': '2025-08-30T06:30:23.878Z'}, NULL, NULL, 2025-08-30 06:30:24.385000);
INSERT INTO activity_logs (id, userId, action, details, ipAddress, userAgent, createdAt) VALUES ('cmf7y2lw20000l804jp1cnae0', 'cmdzl90z30000k404rkwxe85p', 'PAYMENT_SUCCEEDED', {'amount': 11900, 'currency': 'usd', 'invoiceId': 'in_1S4FdXAcOaAFTE8ed7DhLSKb'}, NULL, NULL, 2025-09-06 07:30:37.010000);
INSERT INTO activity_logs (id, userId, action, details, ipAddress, userAgent, createdAt) VALUES ('cmffeoyk80000l70472szkdz7', 'cmeh44c9v0000jo046ilfpubp', 'INVOICE_UPCOMING', {'amount': 29900, 'dueDate': '2025-09-18T12:50:02.000Z'}, NULL, NULL, 2025-09-11 12:50:16.953000);
INSERT INTO activity_logs (id, userId, action, details, ipAddress, userAgent, createdAt) VALUES ('cmffeozvw0001l704hcpy5xgc', 'system', 'EMAIL_SENT', {'email': 'chris@test.com', 'status': 'sent', 'template': 'subscriptionChanged', 'timestamp': '2025-09-11T12:50:17.676Z'}, NULL, NULL, 2025-09-11 12:50:18.200000);
INSERT INTO activity_logs (id, userId, action, details, ipAddress, userAgent, createdAt) VALUES ('cmflbyu960000la04kdgsuhvv', 'cmdeqprn40000js0451auz1dp', 'INVOICE_UPCOMING', {'amount': 11900, 'dueDate': '2025-09-22T16:19:32.000Z'}, NULL, NULL, 2025-09-15 16:20:36.138000);
INSERT INTO activity_logs (id, userId, action, details, ipAddress, userAgent, createdAt) VALUES ('cmflbyv7o0001la04zmxub4nd', 'system', 'EMAIL_SENT', {'email': 'gp@gp.com', 'status': 'sent', 'template': 'subscriptionChanged', 'timestamp': '2025-09-15T16:20:36.873Z'}, NULL, NULL, 2025-09-15 16:20:37.380000);
INSERT INTO activity_logs (id, userId, action, details, ipAddress, userAgent, createdAt) VALUES ('cmfmz9wu30000jy04nzs1gk28', 'cmdgg6mds0000l7045c6homwe', 'INVOICE_UPCOMING', {'amount': 11900, 'dueDate': '2025-09-23T20:00:20.000Z'}, NULL, NULL, 2025-09-16 20:00:50.044000);
INSERT INTO activity_logs (id, userId, action, details, ipAddress, userAgent, createdAt) VALUES ('cmfmz9xyx0001jy04hyjzp51r', 'system', 'EMAIL_SENT', {'email': 'dave@dave.com', 'status': 'sent', 'template': 'subscriptionChanged', 'timestamp': '2025-09-16T20:00:51.010Z'}, NULL, NULL, 2025-09-16 20:00:51.513000);
INSERT INTO activity_logs (id, userId, action, details, ipAddress, userAgent, createdAt) VALUES ('cmfmze6xn0002jy04uyji4bsu', 'cmdge57k90000l604enh2kovp', 'INVOICE_UPCOMING', {'amount': 29900, 'dueDate': '2025-09-23T20:03:11.000Z'}, NULL, NULL, 2025-09-16 20:04:09.755000);
INSERT INTO activity_logs (id, userId, action, details, ipAddress, userAgent, createdAt) VALUES ('cmfmze7hi0003jy04j6shna8c', 'system', 'EMAIL_SENT', {'email': 'dave1@dave.com', 'status': 'sent', 'template': 'subscriptionChanged', 'timestamp': '2025-09-16T20:04:10.391Z'}, NULL, NULL, 2025-09-16 20:04:10.393000);
INSERT INTO activity_logs (id, userId, action, details, ipAddress, userAgent, createdAt) VALUES ('cmfp2u73u0000ih042mb8burj', 'cmdihl2n30000ld043yncscip', 'INVOICE_UPCOMING', {'amount': 29900, 'dueDate': '2025-09-25T07:15:02.000Z'}, NULL, NULL, 2025-09-18 07:16:07.675000);
INSERT INTO activity_logs (id, userId, action, details, ipAddress, userAgent, createdAt) VALUES ('cmfp2u81b0001ih048cn9llvt', 'system', 'EMAIL_SENT', {'email': 'geoff@geoff.com', 'status': 'sent', 'template': 'subscriptionChanged', 'timestamp': '2025-09-18T07:16:08.388Z'}, NULL, NULL, 2025-09-18 07:16:08.880000);
INSERT INTO activity_logs (id, userId, action, details, ipAddress, userAgent, createdAt) VALUES ('cmfpgyomq0000lb04g04qctdh', 'cmeh44c9v0000jo046ilfpubp', 'PAYMENT_SUCCEEDED', {'amount': 29900, 'currency': 'usd', 'invoiceId': 'in_1S8hI3AcOaAFTE8eFtkFX5lB'}, NULL, NULL, 2025-09-18 13:51:31.635000);
INSERT INTO activity_logs (id, userId, action, details, ipAddress, userAgent, createdAt) VALUES ('cmfz51zvj0000i204qepg1z2m', 'cmdihl2n30000ld043yncscip', 'PAYMENT_SUCCEEDED', {'amount': 29900, 'currency': 'usd', 'invoiceId': 'in_1SB9OrAcOaAFTE8ehTZNavyI'}, NULL, NULL, 2025-09-25 08:15:52.544000);
INSERT INTO activity_logs (id, userId, action, details, ipAddress, userAgent, createdAt) VALUES ('cmg4r1k770000i60445dmbbom', 'cmdzl90z30000k404rkwxe85p', 'INVOICE_UPCOMING', {'amount': 11900, 'dueDate': '2025-10-06T06:29:24.000Z'}, NULL, NULL, 2025-09-29 06:30:14.659000);
INSERT INTO activity_logs (id, userId, action, details, ipAddress, userAgent, createdAt) VALUES ('cmg4r1l5i0001i604hfzgy8rd', 'system', 'EMAIL_SENT', {'email': 'Henrypierce@henrypierce.com', 'status': 'sent', 'template': 'subscriptionChanged', 'timestamp': '2025-09-29T06:30:15.390Z'}, NULL, NULL, 2025-09-29 06:30:15.895000);
INSERT INTO activity_logs (id, userId, action, details, ipAddress, userAgent, createdAt) VALUES ('cmgetamo50000ju045h2csl0x', 'cmdzl90z30000k404rkwxe85p', 'PAYMENT_SUCCEEDED', {'amount': 11900, 'currency': 'usd', 'invoiceId': 'in_1SF7w4AcOaAFTE8eHxJ1RJJ2'}, NULL, NULL, 2025-10-06 07:30:58.757000);
INSERT INTO activity_logs (id, userId, action, details, ipAddress, userAgent, createdAt) VALUES ('cmgm3lebd0003jr04zwnukycl', 'cmgm3ldvk0000jr04f9kzuj8m', 'USER_REGISTERED', {'email': 'simsail@hotmail.com', 'userType': 'TEACHER'}, '185.199.103.87', 'Mozilla/5.0 (iPhone; CPU iPhone OS 18_6_2 like Mac OS X) AppleWebKit/605.1.15 (KHTML, like Gecko) Version/18.6 Mobile/15E148 Safari/604.1', 2025-10-11 09:53:40.538000);
INSERT INTO activity_logs (id, userId, action, details, ipAddress, userAgent, createdAt) VALUES ('cmgm3leyq0004jr043t2918ew', 'system', 'EMAIL_SENT', {'status': 'sent', 'template': 'teacherWelcome', 'timestamp': '2025-10-11T09:53:40.875Z'}, NULL, NULL, 2025-10-11 09:53:41.378000);
INSERT INTO activity_logs (id, userId, action, details, ipAddress, userAgent, createdAt) VALUES ('cmgm9xeij0000js04cmkxfwkw', 'cmeh44c9v0000jo046ilfpubp', 'INVOICE_UPCOMING', {'amount': 29900, 'dueDate': '2025-10-18T12:50:02.000Z'}, NULL, NULL, 2025-10-11 12:50:58.363000);
INSERT INTO activity_logs (id, userId, action, details, ipAddress, userAgent, createdAt) VALUES ('cmgm9xfgf0001js045w4kv86q', 'system', 'EMAIL_SENT', {'email': 'chris@test.com', 'status': 'sent', 'template': 'subscriptionChanged', 'timestamp': '2025-10-11T12:50:59.083Z'}, NULL, NULL, 2025-10-11 12:50:59.583000);
INSERT INTO activity_logs (id, userId, action, details, ipAddress, userAgent, createdAt) VALUES ('cmgs75ck20000i304oz2dsfka', 'cmdeqprn40000js0451auz1dp', 'INVOICE_UPCOMING', {'amount': 11900, 'dueDate': '2025-10-22T16:19:32.000Z'}, NULL, NULL, 2025-10-15 16:19:47.283000);
INSERT INTO activity_logs (id, userId, action, details, ipAddress, userAgent, createdAt) VALUES ('cmgs75dhm0001i3049i2j7mqt', 'system', 'EMAIL_SENT', {'email': 'gp@gp.com', 'status': 'sent', 'template': 'subscriptionChanged', 'timestamp': '2025-10-15T16:19:48.002Z'}, NULL, NULL, 2025-10-15 16:19:48.490000);
INSERT INTO activity_logs (id, userId, action, details, ipAddress, userAgent, createdAt) VALUES ('cmgtui1dv0000ky045qal2xs4', 'cmdgg6mds0000l7045c6homwe', 'INVOICE_UPCOMING', {'amount': 11900, 'dueDate': '2025-10-23T20:00:20.000Z'}, NULL, NULL, 2025-10-16 20:01:16.676000);
INSERT INTO activity_logs (id, userId, action, details, ipAddress, userAgent, createdAt) VALUES ('cmgtui2cb0001ky04fmmsnodz', 'system', 'EMAIL_SENT', {'email': 'dave@dave.com', 'status': 'sent', 'template': 'subscriptionChanged', 'timestamp': '2025-10-16T20:01:17.415Z'}, NULL, NULL, 2025-10-16 20:01:17.915000);
INSERT INTO activity_logs (id, userId, action, details, ipAddress, userAgent, createdAt) VALUES ('cmgtukqve0000jx0433b7qx2a', 'cmdge57k90000l604enh2kovp', 'INVOICE_UPCOMING', {'amount': 29900, 'dueDate': '2025-10-23T20:03:11.000Z'}, NULL, NULL, 2025-10-16 20:03:23.019000);
INSERT INTO activity_logs (id, userId, action, details, ipAddress, userAgent, createdAt) VALUES ('cmgtukrs40001jx0430phtxxg', 'system', 'EMAIL_SENT', {'email': 'dave1@dave.com', 'status': 'sent', 'template': 'subscriptionChanged', 'timestamp': '2025-10-16T20:03:23.689Z'}, NULL, NULL, 2025-10-16 20:03:24.196000);
INSERT INTO activity_logs (id, userId, action, details, ipAddress, userAgent, createdAt) VALUES ('cmgvy0z0k0000lf04od8mp0ev', 'cmdihl2n30000ld043yncscip', 'INVOICE_UPCOMING', {'amount': 29900, 'dueDate': '2025-10-25T07:15:02.000Z'}, NULL, NULL, 2025-10-18 07:15:31.268000);
INSERT INTO activity_logs (id, userId, action, details, ipAddress, userAgent, createdAt) VALUES ('cmgvy0zx80001lf04kvyia3wy', 'system', 'EMAIL_SENT', {'email': 'geoff@geoff.com', 'status': 'sent', 'template': 'subscriptionChanged', 'timestamp': '2025-10-18T07:15:31.944Z'}, NULL, NULL, 2025-10-18 07:15:32.444000);
INSERT INTO activity_logs (id, userId, action, details, ipAddress, userAgent, createdAt) VALUES ('cmgwc6a990000l404yu86q4cc', 'cmeh44c9v0000jo046ilfpubp', 'PAYMENT_SUCCEEDED', {'amount': 29900, 'currency': 'usd', 'invoiceId': 'in_1SJZamAcOaAFTE8e63NUMdGR'}, NULL, NULL, 2025-10-18 13:51:33.741000);
INSERT INTO activity_logs (id, userId, action, details, ipAddress, userAgent, createdAt) VALUES ('cmgz8f8dx0000la04teoelup8', 'cmdemq6zi0000jy0491axqken', 'SUBSCRIPTION_CANCELLED', {'cancelReason': 'cancellation_requested', 'subscriptionId': 'sub_1RnhAcAcOaAFTE8e232YrC66'}, NULL, NULL, 2025-10-20 14:29:51.286000);
INSERT INTO activity_logs (id, userId, action, details, ipAddress, userAgent, createdAt) VALUES ('cmgz8f9b20001la047n86kpmw', 'system', 'EMAIL_SENT', {'email': 'chris@starsite.digital', 'status': 'sent', 'template': 'subscriptionChanged', 'timestamp': '2025-10-20T14:29:51.959Z'}, NULL, NULL, 2025-10-20 14:29:52.478000);
INSERT INTO activity_logs (id, userId, action, details, ipAddress, userAgent, createdAt) VALUES ('cmgz9mxur0000l104b9rznhe6', 'cmden3krd0000jp04ybwtl7a4', 'SUBSCRIPTION_CANCELLED', {'cancelReason': 'cancellation_requested', 'subscriptionId': 'sub_1RnhKPAcOaAFTE8ePXL3oi8o'}, NULL, NULL, 2025-10-20 15:03:50.499000);
INSERT INTO activity_logs (id, userId, action, details, ipAddress, userAgent, createdAt) VALUES ('cmgz9myqn0001l1040hjabkxa', 'system', 'EMAIL_SENT', {'email': 'simon.littlejohn.ll@gmail.com', 'status': 'sent', 'template': 'subscriptionChanged', 'timestamp': '2025-10-20T15:03:51.145Z'}, NULL, NULL, 2025-10-20 15:03:51.647000);
INSERT INTO activity_logs (id, userId, action, details, ipAddress, userAgent, createdAt) VALUES ('cmgzcpvr10000jz04tkkgl4jn', 'cmdeqprn40000js0451auz1dp', 'SUBSCRIPTION_CANCELLED', {'cancelReason': 'cancellation_requested', 'subscriptionId': 'sub_1RniueAcOaAFTE8encltrY7d'}, NULL, NULL, 2025-10-20 16:30:06.589000);
INSERT INTO activity_logs (id, userId, action, details, ipAddress, userAgent, createdAt) VALUES ('cmgzcpwnm0001jz04co6d751l', 'system', 'EMAIL_SENT', {'email': 'gp@gp.com', 'status': 'sent', 'template': 'subscriptionChanged', 'timestamp': '2025-10-20T16:30:07.269Z'}, NULL, NULL, 2025-10-20 16:30:07.762000);
INSERT INTO activity_logs (id, userId, action, details, ipAddress, userAgent, createdAt) VALUES ('cmh0ztrq30000lc04it58e4an', 'cmdge57k90000l604enh2kovp', 'SUBSCRIPTION_CANCELLED', {'cancelReason': 'cancellation_requested', 'subscriptionId': 'sub_1Ro8sdAcOaAFTE8earIMn9Ns'}, NULL, NULL, 2025-10-21 20:04:45.339000);
INSERT INTO activity_logs (id, userId, action, details, ipAddress, userAgent, createdAt) VALUES ('cmh0ztsmc0001lc04pltm8axh', 'system', 'EMAIL_SENT', {'email': 'dave1@dave.com', 'status': 'sent', 'template': 'subscriptionChanged', 'timestamp': '2025-10-21T20:04:46.011Z'}, NULL, NULL, 2025-10-21 20:04:46.500000);
INSERT INTO activity_logs (id, userId, action, details, ipAddress, userAgent, createdAt) VALUES ('cmh10qgol0000k004cnvu9qlq', 'cmdgg6mds0000l7045c6homwe', 'SUBSCRIPTION_CANCELLED', {'cancelReason': 'cancellation_requested', 'subscriptionId': 'sub_1Ro8psAcOaAFTE8e562BWpV8'}, NULL, NULL, 2025-10-21 20:30:10.677000);
INSERT INTO activity_logs (id, userId, action, details, ipAddress, userAgent, createdAt) VALUES ('cmh10qhkv0001k004d19yysik', 'system', 'EMAIL_SENT', {'email': 'dave@dave.com', 'status': 'sent', 'template': 'subscriptionChanged', 'timestamp': '2025-10-21T20:30:11.350Z'}, NULL, NULL, 2025-10-21 20:30:11.840000);
INSERT INTO activity_logs (id, userId, action, details, ipAddress, userAgent, createdAt) VALUES ('cmh33x9tp0000jr0481iolt81', 'cmdihl2n30000ld043yncscip', 'SUBSCRIPTION_CANCELLED', {'cancelReason': 'cancellation_requested', 'subscriptionId': 'sub_1RofqMAcOaAFTE8ekLUwhJMH'}, NULL, NULL, 2025-10-23 07:34:59.581000);
INSERT INTO activity_logs (id, userId, action, details, ipAddress, userAgent, createdAt) VALUES ('cmh33xard0001jr046cpxp6l9', 'system', 'EMAIL_SENT', {'email': 'geoff@geoff.com', 'status': 'sent', 'template': 'subscriptionChanged', 'timestamp': '2025-10-23T07:35:00.291Z'}, NULL, NULL, 2025-10-23 07:35:00.793000);
INSERT INTO activity_logs (id, userId, action, details, ipAddress, userAgent, createdAt) VALUES ('cmhd1p0n00000l204yris4ar6', 'cmdzl90z30000k404rkwxe85p', 'INVOICE_UPCOMING', {'amount': 11900, 'dueDate': '2025-11-06T06:29:24.000Z'}, NULL, NULL, 2025-10-30 06:30:16.957000);
INSERT INTO activity_logs (id, userId, action, details, ipAddress, userAgent, createdAt) VALUES ('cmhd1p1pg0001l204uz33n9n1', 'system', 'EMAIL_SENT', {'email': 'Henrypierce@henrypierce.com', 'status': 'sent', 'template': 'subscriptionChanged', 'timestamp': '2025-10-30T06:30:17.835Z'}, NULL, NULL, 2025-10-30 06:30:18.340000);
INSERT INTO activity_logs (id, userId, action, details, ipAddress, userAgent, createdAt) VALUES ('cmhk7i6e50000jv04ql9etxdp', 'cmdzl90z30000k404rkwxe85p', 'SUBSCRIPTION_CANCELLED', {'cancelReason': 'cancellation_requested', 'subscriptionId': 'sub_1Rt0qmAcOaAFTE8e6PxUdj5v'}, NULL, NULL, 2025-11-04 06:47:18.749000);
INSERT INTO activity_logs (id, userId, action, details, ipAddress, userAgent, createdAt) VALUES ('cmhk7i8610001jv04qbe9ljir', 'system', 'EMAIL_SENT', {'email': 'Henrypierce@henrypierce.com', 'status': 'sent', 'template': 'subscriptionChanged', 'timestamp': '2025-11-04T06:47:20.545Z'}, NULL, NULL, 2025-11-04 06:47:21.049000);
INSERT INTO activity_logs (id, userId, action, details, ipAddress, userAgent, createdAt) VALUES ('cmhukk93y0000jr04jv85uv13', 'cmeh44c9v0000jo046ilfpubp', 'INVOICE_UPCOMING', {'amount': 29900, 'dueDate': '2025-11-18T12:50:02.000Z'}, NULL, NULL, 2025-11-11 12:50:32.350000);
INSERT INTO activity_logs (id, userId, action, details, ipAddress, userAgent, createdAt) VALUES ('cmhukka1v0001jr04cfoip2g4', 'system', 'EMAIL_SENT', {'email': 'chris@test.com', 'status': 'sent', 'template': 'subscriptionChanged', 'timestamp': '2025-11-11T12:50:33.075Z'}, NULL, NULL, 2025-11-11 12:50:33.571000);


-- Table: application_notes
DROP TABLE IF EXISTS application_notes CASCADE;
CREATE TABLE application_notes (
    id text NOT NULL,
    applicationId text NOT NULL,
    content text NOT NULL,
    authorType text NOT NULL,
    authorName text,
    createdAt timestamp without time zone NOT NULL DEFAULT CURRENT_TIMESTAMP
);


-- Table: applications
DROP TABLE IF EXISTS applications CASCADE;
CREATE TABLE applications (
    id text NOT NULL,
    jobId text NOT NULL,
    teacherId text,
    status USER-DEFINED NOT NULL DEFAULT 'APPLIED'::"ApplicationStatus",
    coverLetter text,
    resumeUrl text,
    portfolioUrl text,
    interviewDate timestamp without time zone,
    interviewNotes text,
    rating double precision,
    feedback text,
    createdAt timestamp without time zone NOT NULL DEFAULT CURRENT_TIMESTAMP,
    updatedAt timestamp without time zone NOT NULL,
    guestCity text,
    guestCountry text,
    guestEmail text,
    guestFirstName text,
    guestLastName text,
    guestPhone text,
    isGuestApplication boolean NOT NULL DEFAULT false
);

-- Data for table: applications
INSERT INTO applications (id, jobId, teacherId, status, coverLetter, resumeUrl, portfolioUrl, interviewDate, interviewNotes, rating, feedback, createdAt, updatedAt, guestCity, guestCountry, guestEmail, guestFirstName, guestLastName, guestPhone, isGuestApplication) VALUES ('cmdnio3ig0001h104fb60ve3o', 'cmdnb5ws30001jr04p2t1sndc', NULL, 'APPLIED', 'fcgxx', 'https://2cokliapgj4ssrui.public.blob.vercel-storage.com/guest/christopher-rogers-1753731859071/resume/1753731859071-resume.docx', NULL, NULL, NULL, NULL, NULL, 2025-07-28 19:44:19.912000, 2025-07-28 19:44:19.912000, 'London', 'United Kingdom', 'chris@starsite.digital', 'Christopher', 'Rogers', '+447304048085', True);
INSERT INTO applications (id, jobId, teacherId, status, coverLetter, resumeUrl, portfolioUrl, interviewDate, interviewNotes, rating, feedback, createdAt, updatedAt, guestCity, guestCountry, guestEmail, guestFirstName, guestLastName, guestPhone, isGuestApplication) VALUES ('cmdob6ch30001le04i65cz335', 'cmdnb5ws30001jr04p2t1sndc', NULL, 'APPLIED', 'I am so interested in working with you ', 'https://2cokliapgj4ssrui.public.blob.vercel-storage.com/guest/george-pierce-1753779739964/resume/1753779739964-resume.docx', NULL, NULL, NULL, NULL, NULL, 2025-07-29 09:02:20.583000, 2025-07-29 09:02:20.583000, 'Test', 'Testees ', 'georgepierce@hotmail.co.uk', 'George', 'Pierce', '123456789', True);
INSERT INTO applications (id, jobId, teacherId, status, coverLetter, resumeUrl, portfolioUrl, interviewDate, interviewNotes, rating, feedback, createdAt, updatedAt, guestCity, guestCountry, guestEmail, guestFirstName, guestLastName, guestPhone, isGuestApplication) VALUES ('cmdobeuj10001l804hs0quofi', 'cmdnijh6h0001jo0405rctxfj', NULL, 'APPLIED', 'TESTER', 'https://2cokliapgj4ssrui.public.blob.vercel-storage.com/guest/george-pierce-1753780136638/resume/1753780136638-resume.docx', NULL, NULL, NULL, NULL, NULL, 2025-07-29 09:08:57.229000, 2025-07-29 09:08:57.229000, NULL, NULL, 'geoff@geoff.co.uk', 'George', 'Pierce', NULL, True);


-- Table: job_alerts
DROP TABLE IF EXISTS job_alerts CASCADE;
CREATE TABLE job_alerts (
    id text NOT NULL,
    teacherId text NOT NULL,
    title text NOT NULL,
    criteria jsonb NOT NULL,
    active boolean NOT NULL DEFAULT true,
    createdAt timestamp without time zone NOT NULL DEFAULT CURRENT_TIMESTAMP,
    updatedAt timestamp without time zone NOT NULL
);


-- Table: jobs
DROP TABLE IF EXISTS jobs CASCADE;
CREATE TABLE jobs (
    id text NOT NULL,
    schoolId text NOT NULL,
    title text NOT NULL,
    description text NOT NULL,
    location text NOT NULL,
    salary text NOT NULL,
    type USER-DEFINED NOT NULL,
    status USER-DEFINED NOT NULL DEFAULT 'ACTIVE'::"JobStatus",
    deadline timestamp without time zone NOT NULL,
    qualification text NOT NULL,
    experience text NOT NULL,
    language text NOT NULL,
    visaRequired boolean NOT NULL DEFAULT false,
    teachingLicenseRequired boolean NOT NULL DEFAULT false,
    kazakhLanguageRequired boolean NOT NULL DEFAULT false,
    localCertificationRequired boolean NOT NULL DEFAULT false,
    benefits text,
    requirements text,
    createdAt timestamp without time zone NOT NULL DEFAULT CURRENT_TIMESTAMP,
    updatedAt timestamp without time zone NOT NULL,
    schoolDescription text,
    useSchoolProfile boolean NOT NULL DEFAULT true
);

-- Data for table: jobs
INSERT INTO jobs (id, schoolId, title, description, location, salary, type, status, deadline, qualification, experience, language, visaRequired, teachingLicenseRequired, kazakhLanguageRequired, localCertificationRequired, benefits, requirements, createdAt, updatedAt, schoolDescription, useSchoolProfile) VALUES ('cme9gj7lc0001jr040fth4mai', 'cmdemq73t0002jy04mzdzuzy1', 'fsddfdsfd', 'wrweqrewr', 'dsfdsfadsss', '2222222222', 'PART_TIME', 'ACTIVE', 2025-08-14 00:00:00, 'dsaadtdts', '', 'English', False, True, False, False, '', NULL, 2025-08-13 04:15:28.561000, 2025-08-13 07:12:42.108000, '', True);
INSERT INTO jobs (id, schoolId, title, description, location, salary, type, status, deadline, qualification, experience, language, visaRequired, teachingLicenseRequired, kazakhLanguageRequired, localCertificationRequired, benefits, requirements, createdAt, updatedAt, schoolDescription, useSchoolProfile) VALUES ('cmdnijh6h0001jo0405rctxfj', 'cmdihl2rt0002ld04jmqpur7m', '1', '4', '2', '3', 'FULL_TIME', 'ACTIVE', 2025-07-31 00:00:00, '5', '', 'English', False, False, True, False, '6', NULL, 2025-07-28 19:40:44.345000, 2025-07-28 19:41:46.811000, NULL, True);
INSERT INTO jobs (id, schoolId, title, description, location, salary, type, status, deadline, qualification, experience, language, visaRequired, teachingLicenseRequired, kazakhLanguageRequired, localCertificationRequired, benefits, requirements, createdAt, updatedAt, schoolDescription, useSchoolProfile) VALUES ('cmeh1vaj20001k104g02e8m4h', 'cmdzl913n0002k404x4552nhf', 'George Pierce Test', '<p>Test TESt test</p>', 'Almaty', 'dfgfdg', 'FULL_TIME', 'ACTIVE', 2025-08-31 00:00:00, '<p>test 34</p>', '', 'English', False, False, True, True, '<p>Test 55</p>', NULL, 2025-08-18 11:47:07.406000, 2025-08-18 11:50:44.422000, '', True);
INSERT INTO jobs (id, schoolId, title, description, location, salary, type, status, deadline, qualification, experience, language, visaRequired, teachingLicenseRequired, kazakhLanguageRequired, localCertificationRequired, benefits, requirements, createdAt, updatedAt, schoolDescription, useSchoolProfile) VALUES ('cmeh49ch00001l204o3ws8cw5', 'cmeh44cem0002jo04hb1qzva4', 'Chris Job Title', '<p>Chris Job Description</p>', 'Chris Location', 'Chris Salary 12345', 'FULL_TIME', 'ACTIVE', 2025-11-30 00:00:00, '<h1 class="rich-text-heading">Chris Req Qualifications</h1><p></p><h3 class="rich-text-heading">asd</h3><p></p><ul class="rich-text-bullet-list"><li class="rich-text-list-item"><p>Test this</p></li><li class="rich-text-list-item"><p>Te<em>st that</em></p></li><li class="rich-text-list-item"><p>Test Them</p></li><li class="rich-text-list-item"><p>A<s>SDGHSDJFKSDFJSDKJFSKDFNASLKNFGakdfnkjsdfgmnsdbmsd fgb</s></p></li><li class="rich-text-list-item"><p><span style="font-family: Georgia, serif;">skdjfbfjdbfgknmsdfbgmnsd fg</span></p></li><li class="rich-text-list-item"><p><span style="font-family: Georgia, serif;">dfkjgbsfmgbsnmfdgbnmsdf gens dfmng bsmndfgkdnfgjksdngkjfnsgf</span></p><ul class="rich-text-bullet-list"><li class="rich-text-list-item"><p>jkhhjh</p><ul class="rich-text-bullet-list"><li class="rich-text-list-item"><p>kjhbk</p></li></ul></li></ul></li></ul><p></p>', '', 'English', False, True, True, True, '<ol class="rich-text-ordered-list"><li class="rich-text-list-item"><p><strong>Chris Perks</strong></p></li><li class="rich-text-list-item"><p><strong>Chris Perks </strong></p></li><li class="rich-text-list-item"><p><strong>Chris Perky Breast</strong></p></li></ol><p></p>', NULL, 2025-08-18 12:54:02.340000, 2025-08-18 12:54:02.340000, NULL, True);
INSERT INTO jobs (id, schoolId, title, description, location, salary, type, status, deadline, qualification, experience, language, visaRequired, teachingLicenseRequired, kazakhLanguageRequired, localCertificationRequired, benefits, requirements, createdAt, updatedAt, schoolDescription, useSchoolProfile) VALUES ('cmeh4j79t0004l2046qj7ct46', 'cmeh44cem0002jo04hb1qzva4', 'TESTICLES', '<p><span style="font-family: Arial, sans-serif;">Teachers Profiles</span></p><p><span style="font-family: Arial, sans-serif;">&nbsp;Age Range: 25-50</span><span style="font-family: &quot;Times New Roman&quot;, serif;"><br></span></p><p><span style="font-family: Arial, sans-serif;">Personality: 1.) Adventurous</span></p><p><span style="font-family: Arial, sans-serif;">&nbsp;&nbsp;&nbsp;&nbsp;&nbsp;&nbsp;&nbsp;&nbsp;&nbsp;&nbsp;&nbsp;&nbsp;&nbsp;&nbsp;&nbsp;&nbsp;&nbsp;&nbsp;&nbsp;&nbsp;2.) Outgoing</span></p><p><span style="font-family: Arial, sans-serif;">&nbsp;&nbsp;&nbsp;&nbsp;&nbsp;&nbsp;&nbsp;&nbsp;&nbsp;&nbsp;&nbsp;&nbsp;&nbsp;&nbsp;&nbsp;&nbsp;&nbsp;&nbsp;&nbsp;&nbsp;3.) Friendly</span></p><p><span style="font-family: Arial, sans-serif;">&nbsp;&nbsp;&nbsp;&nbsp;&nbsp;&nbsp;&nbsp;&nbsp;&nbsp;&nbsp;&nbsp;&nbsp;&nbsp;&nbsp;&nbsp;&nbsp;&nbsp;&nbsp;&nbsp;&nbsp;4.) Open-Minded</span></p><p><span style="font-family: Arial, sans-serif;">&nbsp;&nbsp;&nbsp;&nbsp;&nbsp;&nbsp;&nbsp;&nbsp;&nbsp;&nbsp;&nbsp;&nbsp;&nbsp;&nbsp;&nbsp;&nbsp;&nbsp;&nbsp;&nbsp;&nbsp;5.) Curious</span></p><p><span style="font-family: &quot;Times New Roman&quot;, serif;">&nbsp;</span></p><p><span style="font-family: Arial, sans-serif;">Interests: 1.) Language (Russian)</span></p><p><span style="font-family: Arial, sans-serif;">&nbsp;&nbsp;&nbsp;&nbsp;&nbsp;&nbsp;&nbsp;&nbsp;&nbsp;&nbsp;&nbsp;&nbsp;&nbsp;&nbsp;&nbsp;&nbsp;2.) Politics</span></p><p><span style="font-family: Arial, sans-serif;">&nbsp;&nbsp;&nbsp;&nbsp;&nbsp;&nbsp;&nbsp;&nbsp;&nbsp;&nbsp;&nbsp;&nbsp;&nbsp;&nbsp;&nbsp;&nbsp;3.) Teaching</span></p><p><span style="font-family: &quot;Times New Roman&quot;, serif;">&nbsp;</span></p><p><span style="font-family: Arial, sans-serif;">Hobbies: 1.) Hiking</span></p><p><span style="font-family: Arial, sans-serif;">&nbsp;&nbsp;&nbsp;&nbsp;&nbsp;&nbsp;&nbsp;&nbsp;&nbsp;&nbsp;&nbsp;&nbsp;&nbsp;&nbsp;&nbsp;&nbsp;2.) Exploring new cities</span></p><p><span style="font-family: Arial, sans-serif;">&nbsp;&nbsp;&nbsp;&nbsp;&nbsp;&nbsp;&nbsp;&nbsp;&nbsp;&nbsp;&nbsp;&nbsp;&nbsp;&nbsp;&nbsp;&nbsp;3.) Reading</span></p><p><span style="font-family: Arial, sans-serif;">&nbsp;&nbsp;&nbsp;&nbsp;&nbsp;&nbsp;&nbsp;&nbsp;&nbsp;&nbsp;&nbsp;&nbsp;&nbsp;&nbsp;&nbsp;&nbsp;&nbsp;4.) Learning a new language</span></p><p><span style="font-family: &quot;Times New Roman&quot;, serif;">&nbsp;</span></p><p><span style="font-family: Arial, sans-serif;">Reasons for Coming to Central Asia: 1.) Family</span></p><p><span style="font-family: Arial, sans-serif;">&nbsp;&nbsp;&nbsp;&nbsp;&nbsp;&nbsp;&nbsp;&nbsp;&nbsp;&nbsp;&nbsp;&nbsp;&nbsp;&nbsp;&nbsp;&nbsp;&nbsp;&nbsp;&nbsp;&nbsp;&nbsp;&nbsp;&nbsp;&nbsp;&nbsp;&nbsp;&nbsp;&nbsp;&nbsp;&nbsp;&nbsp;&nbsp;&nbsp;&nbsp;&nbsp;&nbsp;&nbsp;&nbsp;&nbsp;&nbsp;&nbsp;&nbsp;&nbsp;&nbsp;&nbsp;&nbsp;&nbsp;&nbsp;&nbsp;&nbsp;&nbsp;&nbsp;&nbsp;&nbsp;&nbsp;&nbsp;&nbsp;&nbsp;&nbsp;2.) New experiences</span></p><p><span style="font-family: Arial, sans-serif;">&nbsp;&nbsp;&nbsp;&nbsp;&nbsp;&nbsp;&nbsp;&nbsp;&nbsp;&nbsp;&nbsp;&nbsp;&nbsp;&nbsp;&nbsp;&nbsp;&nbsp;&nbsp;&nbsp;&nbsp;&nbsp;&nbsp;&nbsp;&nbsp;&nbsp;&nbsp;&nbsp;&nbsp;&nbsp;&nbsp;&nbsp;&nbsp;&nbsp;&nbsp;&nbsp;&nbsp;&nbsp;&nbsp;&nbsp;&nbsp;&nbsp;&nbsp;&nbsp;&nbsp;&nbsp;&nbsp;&nbsp;&nbsp;&nbsp;&nbsp;&nbsp;&nbsp;&nbsp;&nbsp;&nbsp;&nbsp;&nbsp;&nbsp;&nbsp;3.) Improve language skills</span></p><p><span style="font-family: Arial, sans-serif;">&nbsp;&nbsp;&nbsp;&nbsp;&nbsp;&nbsp;&nbsp;&nbsp;&nbsp;&nbsp;&nbsp;&nbsp;&nbsp;&nbsp;&nbsp;&nbsp;&nbsp;&nbsp;&nbsp;&nbsp;&nbsp;&nbsp;&nbsp;&nbsp;&nbsp;&nbsp;&nbsp;&nbsp;&nbsp;&nbsp;&nbsp;&nbsp;&nbsp;&nbsp;&nbsp;&nbsp;&nbsp;&nbsp;&nbsp;&nbsp;&nbsp;&nbsp;&nbsp;&nbsp;&nbsp;&nbsp;&nbsp;&nbsp;&nbsp;&nbsp;&nbsp;&nbsp;&nbsp;&nbsp;&nbsp;&nbsp;&nbsp;&nbsp;&nbsp;4.) To increase teaching experience.</span></p><p><span style="font-family: Arial, sans-serif;">&nbsp;&nbsp;&nbsp;&nbsp;&nbsp;&nbsp;&nbsp;&nbsp;&nbsp;&nbsp;&nbsp;&nbsp;&nbsp;&nbsp;&nbsp;&nbsp;&nbsp;&nbsp;&nbsp;&nbsp;&nbsp;&nbsp;&nbsp;&nbsp;&nbsp;&nbsp;&nbsp;&nbsp;&nbsp;&nbsp;&nbsp;&nbsp;&nbsp;&nbsp;&nbsp;&nbsp;&nbsp;&nbsp;&nbsp;&nbsp;&nbsp;&nbsp;&nbsp;&nbsp;&nbsp;&nbsp;&nbsp;&nbsp;&nbsp;&nbsp;&nbsp;&nbsp;&nbsp;&nbsp;&nbsp;&nbsp;&nbsp;&nbsp;&nbsp;5.) Travel sjkldfhjksdnfkjdsbnfkjsdnfkjsdnfkdjsnfkjsdnfjksdnfsjkfnsdkjdfnskjfnkjsdnfkjsdfnkjsdndfkjdsnfksjdfndskjfndskjfnkjsdfnjksdnfkjsdnfkjsdnfjksdfnkjsdfnkjsdfnjksndfjksndfjskdnfksdfnjsndfkjdsfnjksdfnkjdsnfjkdsnfksdfjdfnsdenkjfs</span></p><p><span style="font-family: Arial, sans-serif;">&nbsp;&nbsp;&nbsp;&nbsp;&nbsp;&nbsp;&nbsp;&nbsp;&nbsp;&nbsp;&nbsp;&nbsp;&nbsp;&nbsp;&nbsp;&nbsp;&nbsp;&nbsp;&nbsp;&nbsp;&nbsp;&nbsp;&nbsp;&nbsp;&nbsp;&nbsp;&nbsp;&nbsp;&nbsp;&nbsp;&nbsp;&nbsp;&nbsp;&nbsp;&nbsp;&nbsp;&nbsp;&nbsp;&nbsp;</span></p>', 'TE Location', '1234', 'PART_TIME', 'ACTIVE', 2025-08-31 00:00:00, '<p><span style="font-family: Arial, sans-serif;">Teachers Profiles</span></p><p><span style="font-family: Arial, sans-serif;">&nbsp;Age Range: 25-50</span><span style="font-family: &quot;Times New Roman&quot;, serif;"><br></span></p><p><span style="font-family: Arial, sans-serif;">Personality: 1.) Adventurous</span></p><p><span style="font-family: Arial, sans-serif;">&nbsp;&nbsp;&nbsp;&nbsp;&nbsp;&nbsp;&nbsp;&nbsp;&nbsp;&nbsp;&nbsp;&nbsp;&nbsp;&nbsp;&nbsp;&nbsp;&nbsp;&nbsp;&nbsp;&nbsp;2.) Outgoing</span></p><p><span style="font-family: Arial, sans-serif;">&nbsp;&nbsp;&nbsp;&nbsp;&nbsp;&nbsp;&nbsp;&nbsp;&nbsp;&nbsp;&nbsp;&nbsp;&nbsp;&nbsp;&nbsp;&nbsp;&nbsp;&nbsp;&nbsp;&nbsp;3.) Friendly</span></p><p><span style="font-family: Arial, sans-serif;">&nbsp;&nbsp;&nbsp;&nbsp;&nbsp;&nbsp;&nbsp;&nbsp;&nbsp;&nbsp;&nbsp;&nbsp;&nbsp;&nbsp;&nbsp;&nbsp;&nbsp;&nbsp;&nbsp;&nbsp;4.) Open-Minded</span></p><p><span style="font-family: Arial, sans-serif;">&nbsp;&nbsp;&nbsp;&nbsp;&nbsp;&nbsp;&nbsp;&nbsp;&nbsp;&nbsp;&nbsp;&nbsp;&nbsp;&nbsp;&nbsp;&nbsp;&nbsp;&nbsp;&nbsp;&nbsp;5.) Curious</span></p><p><span style="font-family: &quot;Times New Roman&quot;, serif;">&nbsp;</span></p><p><span style="font-family: Arial, sans-serif;">Interests: 1.) Language (Russian)</span></p><p><span style="font-family: Arial, sans-serif;">&nbsp;&nbsp;&nbsp;&nbsp;&nbsp;&nbsp;&nbsp;&nbsp;&nbsp;&nbsp;&nbsp;&nbsp;&nbsp;&nbsp;&nbsp;&nbsp;2.) Politics</span></p><p><span style="font-family: Arial, sans-serif;">&nbsp;&nbsp;&nbsp;&nbsp;&nbsp;&nbsp;&nbsp;&nbsp;&nbsp;&nbsp;&nbsp;&nbsp;&nbsp;&nbsp;&nbsp;&nbsp;3.) Teaching</span></p><p><span style="font-family: &quot;Times New Roman&quot;, serif;">&nbsp;</span></p><p><span style="font-family: Arial, sans-serif;">Hobbies: 1.) Hiking</span></p><p><span style="font-family: Arial, sans-serif;">&nbsp;&nbsp;&nbsp;&nbsp;&nbsp;&nbsp;&nbsp;&nbsp;&nbsp;&nbsp;&nbsp;&nbsp;&nbsp;&nbsp;&nbsp;&nbsp;2.) Exploring new cities</span></p><p><span style="font-family: Arial, sans-serif;">&nbsp;&nbsp;&nbsp;&nbsp;&nbsp;&nbsp;&nbsp;&nbsp;&nbsp;&nbsp;&nbsp;&nbsp;&nbsp;&nbsp;&nbsp;&nbsp;3.) Reading</span></p><p><span style="font-family: Arial, sans-serif;">&nbsp;&nbsp;&nbsp;&nbsp;&nbsp;&nbsp;&nbsp;&nbsp;&nbsp;&nbsp;&nbsp;&nbsp;&nbsp;&nbsp;&nbsp;&nbsp;&nbsp;4.) Learning a new language</span></p><p><span style="font-family: &quot;Times New Roman&quot;, serif;">&nbsp;</span></p><p><span style="font-family: Arial, sans-serif;">Reasons for Coming to Central Asia: 1.) Family</span></p><p><span style="font-family: Arial, sans-serif;">&nbsp;&nbsp;&nbsp;&nbsp;&nbsp;&nbsp;&nbsp;&nbsp;&nbsp;&nbsp;&nbsp;&nbsp;&nbsp;&nbsp;&nbsp;&nbsp;&nbsp;&nbsp;&nbsp;&nbsp;&nbsp;&nbsp;&nbsp;&nbsp;&nbsp;&nbsp;&nbsp;&nbsp;&nbsp;&nbsp;&nbsp;&nbsp;&nbsp;&nbsp;&nbsp;&nbsp;&nbsp;&nbsp;&nbsp;&nbsp;&nbsp;&nbsp;&nbsp;&nbsp;&nbsp;&nbsp;&nbsp;&nbsp;&nbsp;&nbsp;&nbsp;&nbsp;&nbsp;&nbsp;&nbsp;&nbsp;&nbsp;&nbsp;&nbsp;2.) New experiences 903458620945u69024u569u2045624568902845096829405862904586902845069824095869028458692485602458602456</span></p><p><span style="font-family: Arial, sans-serif;">&nbsp;&nbsp;&nbsp;&nbsp;&nbsp;&nbsp;&nbsp;&nbsp;&nbsp;&nbsp;&nbsp;&nbsp;&nbsp;&nbsp;&nbsp;&nbsp;&nbsp;&nbsp;&nbsp;&nbsp;&nbsp;&nbsp;&nbsp;&nbsp;&nbsp;&nbsp;&nbsp;&nbsp;&nbsp;&nbsp;&nbsp;&nbsp;&nbsp;&nbsp;&nbsp;&nbsp;&nbsp;&nbsp;&nbsp;&nbsp;&nbsp;&nbsp;&nbsp;&nbsp;&nbsp;&nbsp;&nbsp;&nbsp;&nbsp;&nbsp;&nbsp;&nbsp;&nbsp;&nbsp;&nbsp;&nbsp;&nbsp;&nbsp;&nbsp;3.) Improve language skills </span></p><p><span style="font-family: Arial, sans-serif;">&nbsp;&nbsp;&nbsp;&nbsp;&nbsp;&nbsp;&nbsp;&nbsp;&nbsp;&nbsp;&nbsp;&nbsp;&nbsp;&nbsp;&nbsp;&nbsp;&nbsp;&nbsp;&nbsp;&nbsp;&nbsp;&nbsp;&nbsp;&nbsp;&nbsp;&nbsp;&nbsp;&nbsp;&nbsp;&nbsp;&nbsp;&nbsp;&nbsp;&nbsp;&nbsp;&nbsp;&nbsp;&nbsp;&nbsp;&nbsp;&nbsp;&nbsp;&nbsp;&nbsp;&nbsp;&nbsp;&nbsp;&nbsp;&nbsp;&nbsp;&nbsp;&nbsp;&nbsp;&nbsp;&nbsp;&nbsp;&nbsp;&nbsp;&nbsp;4.) To increase teaching experience.</span></p><p><span style="font-family: Arial, sans-serif;">&nbsp;&nbsp;&nbsp;&nbsp;&nbsp;&nbsp;&nbsp;&nbsp;&nbsp;&nbsp;&nbsp;&nbsp;&nbsp;&nbsp;&nbsp;&nbsp;&nbsp;&nbsp;&nbsp;&nbsp;&nbsp;&nbsp;&nbsp;&nbsp;&nbsp;&nbsp;&nbsp;&nbsp;&nbsp;&nbsp;&nbsp;&nbsp;&nbsp;&nbsp;&nbsp;&nbsp;&nbsp;&nbsp;&nbsp;&nbsp;&nbsp;&nbsp;&nbsp;&nbsp;&nbsp;&nbsp;&nbsp;&nbsp;&nbsp;&nbsp;&nbsp;&nbsp;&nbsp;&nbsp;&nbsp;&nbsp;&nbsp;&nbsp;&nbsp;5.) Travel</span></p>', '', 'English', False, False, False, False, '<p><span style="font-family: Arial, sans-serif;">Teachers Profiles</span></p><p><span style="font-family: Arial, sans-serif;">&nbsp;Age Range: 25-50</span><span style="font-family: &quot;Times New Roman&quot;, serif;"><br></span></p><p><span style="font-family: Arial, sans-serif;">Personality: 1.) Adventurous</span></p><p><span style="font-family: Arial, sans-serif;">&nbsp;&nbsp;&nbsp;&nbsp;&nbsp;&nbsp;&nbsp;&nbsp;&nbsp;&nbsp;&nbsp;&nbsp;&nbsp;&nbsp;&nbsp;&nbsp;&nbsp;&nbsp;&nbsp;&nbsp;2.) Outgoing</span></p><p><span style="font-family: Arial, sans-serif;">&nbsp;&nbsp;&nbsp;&nbsp;&nbsp;&nbsp;&nbsp;&nbsp;&nbsp;&nbsp;&nbsp;&nbsp;&nbsp;&nbsp;&nbsp;&nbsp;&nbsp;&nbsp;&nbsp;&nbsp;3.) Friendly</span></p><p><span style="font-family: Arial, sans-serif;">&nbsp;&nbsp;&nbsp;&nbsp;&nbsp;&nbsp;&nbsp;&nbsp;&nbsp;&nbsp;&nbsp;&nbsp;&nbsp;&nbsp;&nbsp;&nbsp;&nbsp;&nbsp;&nbsp;&nbsp;4.) Open-Minded</span></p><p><span style="font-family: Arial, sans-serif;">&nbsp;&nbsp;&nbsp;&nbsp;&nbsp;&nbsp;&nbsp;&nbsp;&nbsp;&nbsp;&nbsp;&nbsp;&nbsp;&nbsp;&nbsp;&nbsp;&nbsp;&nbsp;&nbsp;&nbsp;5.) Curious</span></p><p><span style="font-family: &quot;Times New Roman&quot;, serif;">&nbsp;</span></p><p><span style="font-family: Arial, sans-serif;">Interests: 1.) Language (Russian)</span></p><p><span style="font-family: Arial, sans-serif;">&nbsp;&nbsp;&nbsp;&nbsp;&nbsp;&nbsp;&nbsp;&nbsp;&nbsp;&nbsp;&nbsp;&nbsp;&nbsp;&nbsp;&nbsp;&nbsp;2.) Politics</span></p><p><span style="font-family: Arial, sans-serif;">&nbsp;&nbsp;&nbsp;&nbsp;&nbsp;&nbsp;&nbsp;&nbsp;&nbsp;&nbsp;&nbsp;&nbsp;&nbsp;&nbsp;&nbsp;&nbsp;3.) Teaching</span></p><p><span style="font-family: &quot;Times New Roman&quot;, serif;">&nbsp;</span></p><p><span style="font-family: Arial, sans-serif;">Hobbies: 1.) Hiking</span></p><p><span style="font-family: Arial, sans-serif;">&nbsp;&nbsp;&nbsp;&nbsp;&nbsp;&nbsp;&nbsp;&nbsp;&nbsp;&nbsp;&nbsp;&nbsp;&nbsp;&nbsp;&nbsp;&nbsp;2.) Exploring new cities</span></p><p><span style="font-family: Arial, sans-serif;">&nbsp;&nbsp;&nbsp;&nbsp;&nbsp;&nbsp;&nbsp;&nbsp;&nbsp;&nbsp;&nbsp;&nbsp;&nbsp;&nbsp;&nbsp;&nbsp;3.) Reading</span></p><p><span style="font-family: Arial, sans-serif;">&nbsp;&nbsp;&nbsp;&nbsp;&nbsp;&nbsp;&nbsp;&nbsp;&nbsp;&nbsp;&nbsp;&nbsp;&nbsp;&nbsp;&nbsp;&nbsp;&nbsp;4.) Learning a new language</span></p><p><span style="font-family: &quot;Times New Roman&quot;, serif;">&nbsp;</span></p><p><span style="font-family: Arial, sans-serif;">Reasons for Coming to Central Asia: 1.) Family</span></p><p><span style="font-family: Arial, sans-serif;">&nbsp;&nbsp;&nbsp;&nbsp;&nbsp;&nbsp;&nbsp;&nbsp;&nbsp;&nbsp;&nbsp;&nbsp;&nbsp;&nbsp;&nbsp;&nbsp;&nbsp;&nbsp;&nbsp;&nbsp;&nbsp;&nbsp;&nbsp;&nbsp;&nbsp;&nbsp;&nbsp;&nbsp;&nbsp;&nbsp;&nbsp;&nbsp;&nbsp;&nbsp;&nbsp;&nbsp;&nbsp;&nbsp;&nbsp;&nbsp;&nbsp;&nbsp;&nbsp;&nbsp;&nbsp;&nbsp;&nbsp;&nbsp;&nbsp;&nbsp;&nbsp;&nbsp;&nbsp;&nbsp;&nbsp;&nbsp;&nbsp;&nbsp;&nbsp;2.) New experiences</span></p><p><span style="font-family: Arial, sans-serif;">&nbsp;&nbsp;&nbsp;&nbsp;&nbsp;&nbsp;&nbsp;&nbsp;&nbsp;&nbsp;&nbsp;&nbsp;&nbsp;&nbsp;&nbsp;&nbsp;&nbsp;&nbsp;&nbsp;&nbsp;&nbsp;&nbsp;&nbsp;&nbsp;&nbsp;&nbsp;&nbsp;&nbsp;&nbsp;&nbsp;&nbsp;&nbsp;&nbsp;&nbsp;&nbsp;&nbsp;&nbsp;&nbsp;&nbsp;&nbsp;&nbsp;&nbsp;&nbsp;&nbsp;&nbsp;&nbsp;&nbsp;&nbsp;&nbsp;&nbsp;&nbsp;&nbsp;&nbsp;&nbsp;&nbsp;&nbsp;&nbsp;&nbsp;&nbsp;3.) Improve language skills kjshdfkjsdhfkjsdhfkjsdhfkjsdhdfkjshdfhkdshnfsjkhkjsdfngjksbdfjkgsdjbfgjsbfgjkbsjkdngfkjsdfngksdfngg</span></p><p><span style="font-family: Arial, sans-serif;">&nbsp;&nbsp;&nbsp;&nbsp;&nbsp;&nbsp;&nbsp;&nbsp;&nbsp;&nbsp;&nbsp;&nbsp;&nbsp;&nbsp;&nbsp;&nbsp;&nbsp;&nbsp;&nbsp;&nbsp;&nbsp;&nbsp;&nbsp;&nbsp;&nbsp;&nbsp;&nbsp;&nbsp;&nbsp;&nbsp;&nbsp;&nbsp;&nbsp;&nbsp;&nbsp;&nbsp;&nbsp;&nbsp;&nbsp;&nbsp;&nbsp;&nbsp;&nbsp;&nbsp;&nbsp;&nbsp;&nbsp;&nbsp;&nbsp;&nbsp;&nbsp;&nbsp;&nbsp;&nbsp;&nbsp;&nbsp;&nbsp;&nbsp;&nbsp;4.) To increase teaching experience.</span></p><p><span style="font-family: Arial, sans-serif;">&nbsp;&nbsp;&nbsp;&nbsp;&nbsp;&nbsp;&nbsp;&nbsp;&nbsp;&nbsp;&nbsp;&nbsp;&nbsp;&nbsp;&nbsp;&nbsp;&nbsp;&nbsp;&nbsp;&nbsp;&nbsp;&nbsp;&nbsp;&nbsp;&nbsp;&nbsp;&nbsp;&nbsp;&nbsp;&nbsp;&nbsp;&nbsp;&nbsp;&nbsp;&nbsp;&nbsp;&nbsp;&nbsp;&nbsp;&nbsp;&nbsp;&nbsp;&nbsp;&nbsp;&nbsp;&nbsp;&nbsp;&nbsp;&nbsp;&nbsp;&nbsp;&nbsp;&nbsp;&nbsp;&nbsp;&nbsp;&nbsp;&nbsp;&nbsp;5.) Travel</span></p>', NULL, 2025-08-18 13:01:42.161000, 2025-08-18 13:10:24.269000, '', True);
INSERT INTO jobs (id, schoolId, title, description, location, salary, type, status, deadline, qualification, experience, language, visaRequired, teachingLicenseRequired, kazakhLanguageRequired, localCertificationRequired, benefits, requirements, createdAt, updatedAt, schoolDescription, useSchoolProfile) VALUES ('cmdoayftk0001l2042i52o0w5', 'cmdge57ok0002l604yictic3t', 'Test 24', 'Test', 'Test', 'Test', 'CONTRACT', 'ACTIVE', 2025-07-31 00:00:00, 'Test', '', 'English', False, True, False, False, 'Test', NULL, 2025-07-29 08:56:11.673000, 2025-07-29 08:58:28.203000, '', True);
INSERT INTO jobs (id, schoolId, title, description, location, salary, type, status, deadline, qualification, experience, language, visaRequired, teachingLicenseRequired, kazakhLanguageRequired, localCertificationRequired, benefits, requirements, createdAt, updatedAt, schoolDescription, useSchoolProfile) VALUES ('cmdoaygys0004l204c0yvt146', 'cmdge57ok0002l604yictic3t', 'Test 1234', 'Test', 'Test', 'Test', 'CONTRACT', 'ACTIVE', 2025-07-31 00:00:00, 'Test', '', 'English', False, True, False, False, 'Test ', NULL, 2025-07-29 08:56:13.156000, 2025-07-29 08:59:03.646000, '', True);
INSERT INTO jobs (id, schoolId, title, description, location, salary, type, status, deadline, qualification, experience, language, visaRequired, teachingLicenseRequired, kazakhLanguageRequired, localCertificationRequired, benefits, requirements, createdAt, updatedAt, schoolDescription, useSchoolProfile) VALUES ('cmdzlz6r90001js04sotgdz7f', 'cmdzl913n0002k404x4552nhf', 'Henry Pierce ESL Teacher Application', 'This Job description is for you to understand Henry Pierce is a god

-God Loves my mate

+ Who doesn''t Love me?

	Testing 
o	Testicles 
o	On
i.	The 
ii.	Sea 
iii.	Shore
', 'Amatyville', '29000', 'FULL_TIME', 'ACTIVE', 2025-08-15 00:00:00, 'Delta Absolute smells
Beta Absinthe', '', 'English', False, False, False, False, 'Housing
 - Toilets
1) Visa Support', NULL, 2025-08-06 06:50:10.293000, 2025-08-06 06:50:10.293000, NULL, True);
INSERT INTO jobs (id, schoolId, title, description, location, salary, type, status, deadline, qualification, experience, language, visaRequired, teachingLicenseRequired, kazakhLanguageRequired, localCertificationRequired, benefits, requirements, createdAt, updatedAt, schoolDescription, useSchoolProfile) VALUES ('cmdzmiadf0001i804h48z38ym', 'cmdzl913n0002k404x4552nhf', 'Henry Test 2', 'Henry Test 2

- Dave
	Dfv
o	Jgf	kjh
o	Kjh
	Khjb

1.	Kjnjnk
2.	Kjbbnk
a.	Knbnkb 
b.	,mnbn
', 'Henry', '2800', 'FULL_TIME', 'CLOSED', 2025-08-16 00:00:00, 'Henry Test T100000000', '', 'English', False, False, False, False, 'Henry T 
Peter and the wolf', NULL, 2025-08-06 07:05:01.444000, 2025-08-06 07:21:30.297000, '', True);
INSERT INTO jobs (id, schoolId, title, description, location, salary, type, status, deadline, qualification, experience, language, visaRequired, teachingLicenseRequired, kazakhLanguageRequired, localCertificationRequired, benefits, requirements, createdAt, updatedAt, schoolDescription, useSchoolProfile) VALUES ('cmdnb5ws30001jr04p2t1sndc', 'cmdemq73t0002jy04mzdzuzy1', 'asdgsdgdfsgf', 'sadfsdafgdsaf', 'dfgdsfgfd', '12312312321', 'PART_TIME', 'ACTIVE', 2025-08-08 00:00:00, 'sdfdsfd', '', 'English', False, True, True, True, 'dsfasdfdsf', NULL, 2025-07-28 16:14:14.067000, 2025-08-13 04:14:52.806000, '', True);


-- Table: saved_jobs
DROP TABLE IF EXISTS saved_jobs CASCADE;
CREATE TABLE saved_jobs (
    id text NOT NULL,
    teacherId text NOT NULL,
    jobId text NOT NULL,
    createdAt timestamp without time zone NOT NULL DEFAULT CURRENT_TIMESTAMP
);


-- Table: schools
DROP TABLE IF EXISTS schools CASCADE;
CREATE TABLE schools (
    id text NOT NULL,
    userId text NOT NULL,
    name text NOT NULL,
    contactName text NOT NULL,
    telephone text NOT NULL,
    country text NOT NULL,
    estimateJobs text NOT NULL,
    website text,
    description text,
    logoUrl text,
    verified boolean NOT NULL DEFAULT false,
    subscriptionId text,
    createdAt timestamp without time zone NOT NULL DEFAULT CURRENT_TIMESTAMP,
    updatedAt timestamp without time zone NOT NULL,
    city text NOT NULL,
    contactEmail text,
    established timestamp without time zone,
    phoneCountryCode text NOT NULL DEFAULT '+1'::text,
    postalCode text NOT NULL,
    schoolType text NOT NULL,
    state text,
    streetAddress text NOT NULL,
    studentCount integer,
    subscriptionStatus text,
    currentPeriodEnd timestamp without time zone,
    cancelAtPeriodEnd boolean NOT NULL DEFAULT false,
    subscriptionEndDate timestamp without time zone,
    flagged boolean NOT NULL DEFAULT false,
    flagReason text
);

-- Data for table: schools
INSERT INTO schools (id, userId, name, contactName, telephone, country, estimateJobs, website, description, logoUrl, verified, subscriptionId, createdAt, updatedAt, city, contactEmail, established, phoneCountryCode, postalCode, schoolType, state, streetAddress, studentCount, subscriptionStatus, currentPeriodEnd, cancelAtPeriodEnd, subscriptionEndDate, flagged, flagReason) VALUES ('cmdge57ok0002l604yictic3t', 'cmdge57k90000l604enh2kovp', 'Geor', 'Dave', '123123123', 'Australia', '3-5 jobs per year', NULL, 'Test 1', NULL, True, 'sub_1Ro8sdAcOaAFTE8earIMn9Ns', 2025-07-23 20:03:17.156000, 2025-10-21 20:04:45.177000, 'Dave', 'dave@dave.com', NULL, '+1', 'Dave', 'Private International School', NULL, '35 dave', NULL, 'cancelled', NULL, False, 2025-10-21 20:04:45.176000, False, NULL);
INSERT INTO schools (id, userId, name, contactName, telephone, country, estimateJobs, website, description, logoUrl, verified, subscriptionId, createdAt, updatedAt, city, contactEmail, established, phoneCountryCode, postalCode, schoolType, state, streetAddress, studentCount, subscriptionStatus, currentPeriodEnd, cancelAtPeriodEnd, subscriptionEndDate, flagged, flagReason) VALUES ('cmdgg6mik0002l704nh2z5l2c', 'cmdgg6mds0000l7045c6homwe', 'Geor', 'Dave', '123123123', 'kazakhstan', '16-30', NULL, NULL, NULL, True, 'sub_1Ro8psAcOaAFTE8e562BWpV8', 2025-07-23 21:00:22.268000, 2025-10-21 20:30:10.506000, 'Dave', 'dave@dave.com', NULL, '+1', 'Dave', 'university', NULL, '35 dave', NULL, 'cancelled', NULL, False, 2025-10-21 20:30:10.505000, False, NULL);
INSERT INTO schools (id, userId, name, contactName, telephone, country, estimateJobs, website, description, logoUrl, verified, subscriptionId, createdAt, updatedAt, city, contactEmail, established, phoneCountryCode, postalCode, schoolType, state, streetAddress, studentCount, subscriptionStatus, currentPeriodEnd, cancelAtPeriodEnd, subscriptionEndDate, flagged, flagReason) VALUES ('cmdihl2rt0002ld04jmqpur7m', 'cmdihl2n30000ld043yncscip', 'geoff', 'geoff', '1234567890', 'Afghanistan', '6-15', NULL, 'School school school', NULL, True, 'sub_1RofqMAcOaAFTE8ekLUwhJMH', 2025-07-25 07:15:08.489000, 2025-10-23 07:34:59.416000, 'geoff', NULL, NULL, '+1', 'geoff', 'Private International School', NULL, 'geoff', NULL, 'cancelled', NULL, False, 2025-10-23 07:34:59.415000, False, NULL);
INSERT INTO schools (id, userId, name, contactName, telephone, country, estimateJobs, website, description, logoUrl, verified, subscriptionId, createdAt, updatedAt, city, contactEmail, established, phoneCountryCode, postalCode, schoolType, state, streetAddress, studentCount, subscriptionStatus, currentPeriodEnd, cancelAtPeriodEnd, subscriptionEndDate, flagged, flagReason) VALUES ('cmdzl913n0002k404x4552nhf', 'cmdzl90z30000k404rkwxe85p', 'Henry', 'Henry Pierce', '01732832408', 'Afghanistan', '3-5 jobs per year', 'www.henrypierce.com', 'Henry Pierce School is one designed to bring tests to the website', NULL, True, 'sub_1Rt0qmAcOaAFTE8e6PxUdj5v', 2025-08-06 06:29:49.908000, 2025-11-04 06:47:18.585000, 'helston', NULL, NULL, '+263', '', 'Private International School', 'PORTAL', '1 Portal drive apsin', NULL, 'cancelled', NULL, False, 2025-11-04 06:47:18.584000, False, NULL);
INSERT INTO schools (id, userId, name, contactName, telephone, country, estimateJobs, website, description, logoUrl, verified, subscriptionId, createdAt, updatedAt, city, contactEmail, established, phoneCountryCode, postalCode, schoolType, state, streetAddress, studentCount, subscriptionStatus, currentPeriodEnd, cancelAtPeriodEnd, subscriptionEndDate, flagged, flagReason) VALUES ('cmeh44cem0002jo04hb1qzva4', 'cmeh44c9v0000jo046ilfpubp', 'Chris Test School name', 'Chris Rogers contact person', '12345678', 'tajikistan', '1-5', 'www.Chris.com', 'Chris Description', NULL, True, 'sub_1RxSViAcOaAFTE8e97OgbeBW', 2025-08-18 12:50:08.975000, 2025-08-18 12:50:08.975000, 'Chris City', NULL, NULL, '+1', 'Chris Zip', 'university', 'Chirs Province', 'Chris Street', NULL, NULL, NULL, False, NULL, False, NULL);
INSERT INTO schools (id, userId, name, contactName, telephone, country, estimateJobs, website, description, logoUrl, verified, subscriptionId, createdAt, updatedAt, city, contactEmail, established, phoneCountryCode, postalCode, schoolType, state, streetAddress, studentCount, subscriptionStatus, currentPeriodEnd, cancelAtPeriodEnd, subscriptionEndDate, flagged, flagReason) VALUES ('cmdemq73t0002jy04mzdzuzy1', 'cmdemq6zi0000jy0491axqken', 'Chris School', 'Christopher Rogers', '07304048085', 'United Kingdom', '6-15', 'cccccc', 'rgwef2edgwv', 'https://2cokliapgj4ssrui.public.blob.vercel-storage.com/school/chris-school-cmdemq73t0002jy04mzdzuzy1/logo/1753731456792-logo.png', True, 'sub_1RnhAcAcOaAFTE8e232YrC66', 2025-07-22 14:28:00.762000, 2025-10-20 14:29:51.115000, 'London', 'chris@3-2-1.io', 2000-01-01 00:00:00, '+44', 'SE37LQ', 'Public School', 'ccc', '91a Beaconsfield Road', 500, 'cancelled', NULL, False, 2025-10-20 14:29:51.114000, False, NULL);
INSERT INTO schools (id, userId, name, contactName, telephone, country, estimateJobs, website, description, logoUrl, verified, subscriptionId, createdAt, updatedAt, city, contactEmail, established, phoneCountryCode, postalCode, schoolType, state, streetAddress, studentCount, subscriptionStatus, currentPeriodEnd, cancelAtPeriodEnd, subscriptionEndDate, flagged, flagReason) VALUES ('cmden3kw20002jp04hme86o77', 'cmden3krd0000jp04ybwtl7a4', 'Language school', 'Simon', '77531115700', 'Kazakhstan', '1-5', NULL, NULL, NULL, True, 'sub_1RnhKPAcOaAFTE8ePXL3oi8o', 2025-07-22 14:38:25.154000, 2025-10-20 15:03:50.335000, 'Almaty', 'simon.littlejohn.ll@gmail.com', NULL, '+7', '55114', 'private', 'Apmaty', 'Erulyk 7', NULL, 'cancelled', NULL, False, 2025-10-20 15:03:50.335000, False, NULL);
INSERT INTO schools (id, userId, name, contactName, telephone, country, estimateJobs, website, description, logoUrl, verified, subscriptionId, createdAt, updatedAt, city, contactEmail, established, phoneCountryCode, postalCode, schoolType, state, streetAddress, studentCount, subscriptionStatus, currentPeriodEnd, cancelAtPeriodEnd, subscriptionEndDate, flagged, flagReason) VALUES ('cmdeqprrs0002js04x84qqvws', 'cmdeqprn40000js0451auz1dp', 'George Pierce', 'George Pierce', '123456888', 'Afghanistan', '16-30', NULL, 'Fghggg', NULL, True, 'sub_1RniueAcOaAFTE8encltrY7d', 2025-07-22 16:19:39.353000, 2025-10-20 16:30:06.417000, 'Sithney, Cornwall', 'gp@gp.com', NULL, '+7', 'TR13 0DE', 'public', 'England', 'Prospect Farm, 1 Trannack', NULL, 'cancelled', NULL, False, 2025-10-20 16:30:06.416000, False, NULL);


-- Table: teachers
DROP TABLE IF EXISTS teachers CASCADE;
CREATE TABLE teachers (
    id text NOT NULL,
    userId text NOT NULL,
    firstName text NOT NULL,
    lastName text NOT NULL,
    phone text NOT NULL,
    qualification text NOT NULL,
    experience text NOT NULL,
    bio text,
    resumeUrl text,
    photoUrl text,
    verified boolean NOT NULL DEFAULT false,
    rating double precision,
    visaStatus text,
    availability text,
    createdAt timestamp without time zone NOT NULL DEFAULT CURRENT_TIMESTAMP,
    updatedAt timestamp without time zone NOT NULL,
    city text NOT NULL,
    country text NOT NULL,
    dateOfBirth timestamp without time zone,
    nationality text,
    phoneCountryCode text NOT NULL DEFAULT '+1'::text,
    postalCode text,
    state text,
    streetAddress text,
    experienceYears integer,
    nativeLanguage text,
    languageSkills jsonb,
    languageTestScores jsonb,
    teachingLicense text,
    teachingStyle text,
    certifications ARRAY,
    subjects ARRAY,
    ageGroups ARRAY,
    currentLocation text,
    willingToRelocate boolean NOT NULL DEFAULT false,
    preferredLocations ARRAY,
    workAuthorization ARRAY,
    startDate timestamp without time zone,
    education ARRAY,
    specializations ARRAY,
    previousSchools ARRAY,
    references ARRAY,
    achievements ARRAY,
    publications ARRAY,
    gender text,
    maritalStatus text,
    profileComplete boolean NOT NULL DEFAULT false,
    profileViews integer NOT NULL DEFAULT 0,
    lastActive timestamp without time zone,
    searchable boolean NOT NULL DEFAULT true,
    salaryExpectation text,
    jobTypePreference ARRAY,
    workEnvironmentPreference ARRAY,
    technicalSkills ARRAY,
    softSkills ARRAY,
    portfolioUrl text
);

-- Data for table: teachers
INSERT INTO teachers (id, userId, firstName, lastName, phone, qualification, experience, bio, resumeUrl, photoUrl, verified, rating, visaStatus, availability, createdAt, updatedAt, city, country, dateOfBirth, nationality, phoneCountryCode, postalCode, state, streetAddress, experienceYears, nativeLanguage, languageSkills, languageTestScores, teachingLicense, teachingStyle, certifications, subjects, ageGroups, currentLocation, willingToRelocate, preferredLocations, workAuthorization, startDate, education, specializations, previousSchools, references, achievements, publications, gender, maritalStatus, profileComplete, profileViews, lastActive, searchable, salaryExpectation, jobTypePreference, workEnvironmentPreference, technicalSkills, softSkills, portfolioUrl) VALUES ('cmdad205k000hyrzo0siqfwbl', 'cmdad203z000fyrzot155h2kl', 'Sarah', 'Johnson', '+1234567890', 'Master''s Degree', 'Senior Level', 'Experienced mathematics teacher with 12 years in international schools. Specialized in IGCSE and A-Level mathematics.', NULL, NULL, True, NULL, 'Required', 'Immediate', 2025-07-19 14:46:10.760000, 2025-07-19 14:46:10.760000, 'Toronto', 'Canada', NULL, 'Canadian', '+1', NULL, NULL, NULL, NULL, NULL, NULL, NULL, NULL, NULL, [], [], [], NULL, False, [], [], NULL, [], [], [], [], [], [], NULL, NULL, False, 0, NULL, True, NULL, [], [], [], [], NULL);
INSERT INTO teachers (id, userId, firstName, lastName, phone, qualification, experience, bio, resumeUrl, photoUrl, verified, rating, visaStatus, availability, createdAt, updatedAt, city, country, dateOfBirth, nationality, phoneCountryCode, postalCode, state, streetAddress, experienceYears, nativeLanguage, languageSkills, languageTestScores, teachingLicense, teachingStyle, certifications, subjects, ageGroups, currentLocation, willingToRelocate, preferredLocations, workAuthorization, startDate, education, specializations, previousSchools, references, achievements, publications, gender, maritalStatus, profileComplete, profileViews, lastActive, searchable, salaryExpectation, jobTypePreference, workEnvironmentPreference, technicalSkills, softSkills, portfolioUrl) VALUES ('cmdad20hn000myrzohp3hyl9e', 'cmdad20gu000kyrzonkbpl48f', 'Ahmed', 'Hassan', '+201234567890', 'Bachelor''s Degree', 'Mid Level', 'Passionate English teacher with Cambridge curriculum experience. Native Arabic speaker with excellent English skills.', NULL, NULL, True, NULL, 'Required', 'Immediate', 2025-07-19 14:46:11.196000, 2025-07-19 14:46:11.196000, 'Cairo', 'Egypt', NULL, 'Egyptian', '+1', NULL, NULL, NULL, NULL, NULL, NULL, NULL, NULL, NULL, [], [], [], NULL, False, [], [], NULL, [], [], [], [], [], [], NULL, NULL, False, 0, NULL, True, NULL, [], [], [], [], NULL);
INSERT INTO teachers (id, userId, firstName, lastName, phone, qualification, experience, bio, resumeUrl, photoUrl, verified, rating, visaStatus, availability, createdAt, updatedAt, city, country, dateOfBirth, nationality, phoneCountryCode, postalCode, state, streetAddress, experienceYears, nativeLanguage, languageSkills, languageTestScores, teachingLicense, teachingStyle, certifications, subjects, ageGroups, currentLocation, willingToRelocate, preferredLocations, workAuthorization, startDate, education, specializations, previousSchools, references, achievements, publications, gender, maritalStatus, profileComplete, profileViews, lastActive, searchable, salaryExpectation, jobTypePreference, workEnvironmentPreference, technicalSkills, softSkills, portfolioUrl) VALUES ('cmdemoey00002kz04xyqsjnhw', 'cmdemoetj0000kz04ittzrcxd', 'Christopher', 'Rogers', '07304048085', 'Master''s Degree', 'Mid Level', NULL, NULL, NULL, False, NULL, NULL, NULL, 2025-07-22 14:26:37.608000, 2025-07-22 14:26:37.608000, 'London', 'United States', NULL, NULL, '+1', 'SE37LQ', NULL, '91a Beaconsfield Road', NULL, NULL, NULL, NULL, NULL, NULL, [], [], [], NULL, False, [], [], NULL, [], [], [], [], [], [], NULL, NULL, False, 0, NULL, True, NULL, [], [], [], [], NULL);
INSERT INTO teachers (id, userId, firstName, lastName, phone, qualification, experience, bio, resumeUrl, photoUrl, verified, rating, visaStatus, availability, createdAt, updatedAt, city, country, dateOfBirth, nationality, phoneCountryCode, postalCode, state, streetAddress, experienceYears, nativeLanguage, languageSkills, languageTestScores, teachingLicense, teachingStyle, certifications, subjects, ageGroups, currentLocation, willingToRelocate, preferredLocations, workAuthorization, startDate, education, specializations, previousSchools, references, achievements, publications, gender, maritalStatus, profileComplete, profileViews, lastActive, searchable, salaryExpectation, jobTypePreference, workEnvironmentPreference, technicalSkills, softSkills, portfolioUrl) VALUES ('cmgm3le4o0002jr04uf0auv7b', 'cmgm3ldvk0000jr04f9kzuj8m', 'Simon', 'Littleman', '7753115700', 'Teaching Certificate', 'Senior Level', NULL, NULL, NULL, False, NULL, NULL, NULL, 2025-10-11 09:53:40.295000, 2025-10-11 09:55:29.301000, 'Atyrau', 'Kazakhstan', NULL, NULL, '+7', NULL, 'Atyrau', 'Satpayev street', NULL, NULL, NULL, NULL, NULL, NULL, [], [], [], NULL, False, [], [], NULL, [], [], [], [], [], [], NULL, NULL, False, 0, 2025-10-11 09:55:29.300000, True, NULL, [], [], [], [], NULL);
INSERT INTO teachers (id, userId, firstName, lastName, phone, qualification, experience, bio, resumeUrl, photoUrl, verified, rating, visaStatus, availability, createdAt, updatedAt, city, country, dateOfBirth, nationality, phoneCountryCode, postalCode, state, streetAddress, experienceYears, nativeLanguage, languageSkills, languageTestScores, teachingLicense, teachingStyle, certifications, subjects, ageGroups, currentLocation, willingToRelocate, preferredLocations, workAuthorization, startDate, education, specializations, previousSchools, references, achievements, publications, gender, maritalStatus, profileComplete, profileViews, lastActive, searchable, salaryExpectation, jobTypePreference, workEnvironmentPreference, technicalSkills, softSkills, portfolioUrl) VALUES ('cmdihdy9s0002k804xxitn675', 'cmdihdy0e0000k804e4a9q75f', 'Phil', 'Phil', '123456789', 'Bachelor''s Degree', 'Senior Level', 'Phil', NULL, NULL, False, NULL, NULL, NULL, 2025-07-25 07:09:36.064000, 2025-07-25 07:09:44.312000, 'Phil', 'United States', NULL, NULL, '+1', 'Phil', 'Phil', '1 Prospect', NULL, NULL, NULL, NULL, NULL, NULL, [], [], [], NULL, False, [], [], NULL, [], [], [], [], [], [], NULL, NULL, False, 0, 2025-07-25 07:09:44.311000, True, NULL, [], [], [], [], NULL);
INSERT INTO teachers (id, userId, firstName, lastName, phone, qualification, experience, bio, resumeUrl, photoUrl, verified, rating, visaStatus, availability, createdAt, updatedAt, city, country, dateOfBirth, nationality, phoneCountryCode, postalCode, state, streetAddress, experienceYears, nativeLanguage, languageSkills, languageTestScores, teachingLicense, teachingStyle, certifications, subjects, ageGroups, currentLocation, willingToRelocate, preferredLocations, workAuthorization, startDate, education, specializations, previousSchools, references, achievements, publications, gender, maritalStatus, profileComplete, profileViews, lastActive, searchable, salaryExpectation, jobTypePreference, workEnvironmentPreference, technicalSkills, softSkills, portfolioUrl) VALUES ('cmdgdwdj70002l504iy4dy39n', 'cmdgdwd9p0000l5049f9qcsy9', 'George', 'Pierce', '123456789', 'Bachelor''s Degree', 'Entry Level', NULL, NULL, NULL, False, NULL, NULL, NULL, 2025-07-23 19:56:24.835000, 2025-07-29 09:06:35.118000, 'Sithney, Cornwall', 'United States', NULL, NULL, '+1', 'TR13 0DE', 'England', 'Prospect Farm, 1 Trannack', NULL, NULL, NULL, NULL, NULL, NULL, [], [], [], NULL, False, [], [], NULL, [], [], [], [], [], [], NULL, NULL, False, 0, 2025-07-29 09:06:35.117000, True, NULL, [], [], [], [], NULL);
INSERT INTO teachers (id, userId, firstName, lastName, phone, qualification, experience, bio, resumeUrl, photoUrl, verified, rating, visaStatus, availability, createdAt, updatedAt, city, country, dateOfBirth, nationality, phoneCountryCode, postalCode, state, streetAddress, experienceYears, nativeLanguage, languageSkills, languageTestScores, teachingLicense, teachingStyle, certifications, subjects, ageGroups, currentLocation, willingToRelocate, preferredLocations, workAuthorization, startDate, education, specializations, previousSchools, references, achievements, publications, gender, maritalStatus, profileComplete, profileViews, lastActive, searchable, salaryExpectation, jobTypePreference, workEnvironmentPreference, technicalSkills, softSkills, portfolioUrl) VALUES ('cmeh3aq310002jx048zd0fatg', 'cmeh3apu00000jx04vdefv5x6', 'Geoffrey', 'Geoff', '123456789', 'Master''s Degree', 'Senior Level', 'My names Jeff', 'https://2cokliapgj4ssrui.public.blob.vercel-storage.com/teacher/geoffrey-geoff-cmeh3aq310002jx048zd0fatg/resume/1755520683044-resume.docx', 'https://2cokliapgj4ssrui.public.blob.vercel-storage.com/teacher/geoffrey-geoff-cmeh3aq310002jx048zd0fatg/photo/1755520711833-photo.jpeg', False, NULL, NULL, NULL, 2025-08-18 12:27:07.021000, 2025-08-18 12:40:04.549000, 'Geoff', 'United States', NULL, NULL, '+1', NULL, 'from', '1 Prospect Hunter', 21, NULL, {}, {}, NULL, NULL, [], [], [], NULL, True, [], [], NULL, [], [], [], [], [], [], NULL, NULL, False, 0, 2025-08-18 12:40:04.547000, True, NULL, [], [], [], [], 'https://2cokliapgj4ssrui.public.blob.vercel-storage.com/teacher/geoffrey-geoff-cmeh3aq310002jx048zd0fatg/portfolio/1755520741371-portfolio.docx');
INSERT INTO teachers (id, userId, firstName, lastName, phone, qualification, experience, bio, resumeUrl, photoUrl, verified, rating, visaStatus, availability, createdAt, updatedAt, city, country, dateOfBirth, nationality, phoneCountryCode, postalCode, state, streetAddress, experienceYears, nativeLanguage, languageSkills, languageTestScores, teachingLicense, teachingStyle, certifications, subjects, ageGroups, currentLocation, willingToRelocate, preferredLocations, workAuthorization, startDate, education, specializations, previousSchools, references, achievements, publications, gender, maritalStatus, profileComplete, profileViews, lastActive, searchable, salaryExpectation, jobTypePreference, workEnvironmentPreference, technicalSkills, softSkills, portfolioUrl) VALUES ('cmdgd7e430002l80aq8r93p5t', 'cmdgd7dux0000l80ain4ay6sq', 'Christopher', 'Rogers', '07304048085', 'PhD', 'Junior Level', NULL, NULL, NULL, False, NULL, NULL, NULL, 2025-07-23 19:36:59.187000, 2025-07-24 13:38:58.048000, 'London', 'United States', NULL, NULL, '+1', 'SE37LQ', NULL, '91a Beaconsfield Road', NULL, NULL, NULL, NULL, NULL, NULL, [], [], [], NULL, False, [], [], NULL, [], [], [], [], [], [], NULL, NULL, False, 0, 2025-07-24 13:38:58.047000, True, NULL, [], [], [], [], NULL);


-- Table: users
DROP TABLE IF EXISTS users CASCADE;
CREATE TABLE users (
    id text NOT NULL,
    email text NOT NULL,
    password text,
    userType USER-DEFINED NOT NULL,
    createdAt timestamp without time zone NOT NULL DEFAULT CURRENT_TIMESTAMP,
    updatedAt timestamp without time zone NOT NULL,
    stripeCustomerId text
);

-- Data for table: users
INSERT INTO users (id, email, password, userType, createdAt, updatedAt, stripeCustomerId) VALUES ('cmdad203z000fyrzot155h2kl', 'sarah.johnson@example.com', '$2b$12$q8gAIw74klZ4/kI2JpPwge3u6IRWKjNh70VRsrgATRXAdkQn1SVKq', 'TEACHER', 2025-07-19 14:46:10.703000, 2025-07-19 14:46:10.703000, NULL);
INSERT INTO users (id, email, password, userType, createdAt, updatedAt, stripeCustomerId) VALUES ('cmdad20gu000kyrzonkbpl48f', 'ahmed.hassan@example.com', '$2b$12$94bGIj.l9Ug2oxKXDXplXesKUnl.Cz8vVRgsH85G5yyH/XQHOCqe2', 'TEACHER', 2025-07-19 14:46:11.167000, 2025-07-19 14:46:11.167000, NULL);
INSERT INTO users (id, email, password, userType, createdAt, updatedAt, stripeCustomerId) VALUES ('cmdemoetj0000kz04ittzrcxd', 'chris@3-2-1.io', '$2b$12$ZQJQzbDwmY85VC8rJyzyT.y2rqeItPNj8uL99kJARVpdZZsA0lO9u', 'TEACHER', 2025-07-22 14:26:37.448000, 2025-07-22 14:26:37.448000, NULL);
INSERT INTO users (id, email, password, userType, createdAt, updatedAt, stripeCustomerId) VALUES ('cmdemq6zi0000jy0491axqken', 'chris@starsite.digital', '$2b$12$W7IKwhtbng5z79.UsPIJPOi25WFIrfhoLMk2E.RoZwCIjPUtDiih6', 'SCHOOL', 2025-07-22 14:28:00.607000, 2025-07-22 14:28:00.607000, 'cus_Sj9T4kqEH1wiAO');
INSERT INTO users (id, email, password, userType, createdAt, updatedAt, stripeCustomerId) VALUES ('cmden3krd0000jp04ybwtl7a4', 'simon.littlejohn.ll@gmail.com', '$2b$12$ZTJTJ6appSYwMCe18XEM6OiB3076HfGhErSyYYbfJVmMEkU8Lrdfu', 'SCHOOL', 2025-07-22 14:38:24.985000, 2025-07-22 14:38:24.985000, 'cus_Sj9dsjLxo2XfZ5');
INSERT INTO users (id, email, password, userType, createdAt, updatedAt, stripeCustomerId) VALUES ('cmdeqprn40000js0451auz1dp', 'gp@gp.com', '$2b$12$HUNa82YMfQJDC4b/kS6OBukoknRSoDEWtHvHOxI1eTUV1Raj45QsW', 'SCHOOL', 2025-07-22 16:19:39.184000, 2025-07-22 16:19:39.184000, 'cus_SjBHuYmjlnqLgw');
INSERT INTO users (id, email, password, userType, createdAt, updatedAt, stripeCustomerId) VALUES ('cmdgd7dux0000l80ain4ay6sq', 'chris2@starsite.digital', '$2b$12$lKG/CUAFMyX9PgBFZtdW2e/0NiGJh/ZPNv/EMp0iBUDVQ1IX0N/Wy', 'TEACHER', 2025-07-23 19:36:58.858000, 2025-07-23 19:36:58.858000, NULL);
INSERT INTO users (id, email, password, userType, createdAt, updatedAt, stripeCustomerId) VALUES ('cmdgdwd9p0000l5049f9qcsy9', 'georgepierce@hotmail.co.uk', '$2b$12$B70i0OzmkrJT0rNsri/vzuZIJ9c8y7ICbHq3mGQKeXIOluYIfqbsq', 'TEACHER', 2025-07-23 19:56:24.494000, 2025-07-23 19:56:24.494000, NULL);
INSERT INTO users (id, email, password, userType, createdAt, updatedAt, stripeCustomerId) VALUES ('cmdge57k90000l604enh2kovp', 'dave1@dave.com', '$2b$12$3jR3X4QdL4dVhtUaWQVQRehXUc5X/l.Paai1Z.AemrFLOKYu9ZEEe', 'SCHOOL', 2025-07-23 20:03:17.002000, 2025-07-23 20:03:17.002000, 'cus_Sjc6VqNuqBh4wB');
INSERT INTO users (id, email, password, userType, createdAt, updatedAt, stripeCustomerId) VALUES ('cmdgg6mds0000l7045c6homwe', 'dave@dave.com', '$2b$12$ffsL1/Wg8cKtIXV05sDPLuQP6ijr0jGSqjJTVpHGB9kKtBOjA.T56', 'SCHOOL', 2025-07-23 21:00:22.096000, 2025-07-23 21:00:22.096000, 'cus_Sjc4RdNCFZQWN1');
INSERT INTO users (id, email, password, userType, createdAt, updatedAt, stripeCustomerId) VALUES ('cmdihdy0e0000k804e4a9q75f', 'prospectfarmlivery@gmail.com', '$2b$12$JH42SHLub66/ysfq.nZUsuQr8SKhuwheRWUvdn35w/5Y6SPdWhppi', 'TEACHER', 2025-07-25 07:09:35.726000, 2025-07-25 07:09:35.726000, NULL);
INSERT INTO users (id, email, password, userType, createdAt, updatedAt, stripeCustomerId) VALUES ('cmdihl2n30000ld043yncscip', 'geoff@geoff.com', '$2b$12$KnLGcGo1XPPzwq5YG7HkpeahxXbpWUXt0JS1KEQP1Wb.aBk4buWW.', 'SCHOOL', 2025-07-25 07:15:08.320000, 2025-07-25 07:15:08.320000, 'cus_SkAAnwpURMEqAc');
INSERT INTO users (id, email, password, userType, createdAt, updatedAt, stripeCustomerId) VALUES ('cmdzl90z30000k404rkwxe85p', 'Henrypierce@henrypierce.com', '$2b$12$gIiv/f4ivhEgcL0inwOk0OcKe7VfccUu1Vda6TZ6aNA18x4HXe1KC', 'SCHOOL', 2025-08-06 06:29:49.743000, 2025-08-06 06:29:49.743000, 'cus_Soe9jMm19H4dF9');
INSERT INTO users (id, email, password, userType, createdAt, updatedAt, stripeCustomerId) VALUES ('cmeh3apu00000jx04vdefv5x6', 'mynames@geoff.com', '$2b$12$JO7pXARx/HOFAOP//gc4J.3aTxHAJYVCbkN9MsuKF7HuIVgcdi2jO', 'TEACHER', 2025-08-18 12:27:06.696000, 2025-08-18 12:27:06.696000, NULL);
INSERT INTO users (id, email, password, userType, createdAt, updatedAt, stripeCustomerId) VALUES ('cmeh44c9v0000jo046ilfpubp', 'chris@test.com', '$2b$12$WyPVCjQP/JJikba4HWj4delTi6cWj0li68nu7JO3B7/cFReQVxJyq', 'SCHOOL', 2025-08-18 12:50:08.803000, 2025-08-18 12:50:08.803000, 'cus_StEzsr6g7uguZr');
INSERT INTO users (id, email, password, userType, createdAt, updatedAt, stripeCustomerId) VALUES ('cmgm3ldvk0000jr04f9kzuj8m', 'simsail@hotmail.com', '$2b$12$hCMyD2AXBTiOK2BmJNK4dOJlFfDCJlb2wVwxbLyd.tyNH/6BIBihK', 'TEACHER', 2025-10-11 09:53:39.968000, 2025-10-11 09:53:39.968000, NULL);

